-- phpMyAdmin SQL Dump
-- version 4.9.5
-- https://www.phpmyadmin.net/
--
-- Host: localhost:3306
-- Generation Time: Jun 18, 2020 at 02:16 PM
-- Server version: 5.6.47
-- PHP Version: 7.3.6

SET SQL_MODE = "NO_AUTO_VALUE_ON_ZERO";
SET AUTOCOMMIT = 0;
START TRANSACTION;
SET time_zone = "+00:00";


/*!40101 SET @OLD_CHARACTER_SET_CLIENT=@@CHARACTER_SET_CLIENT */;
/*!40101 SET @OLD_CHARACTER_SET_RESULTS=@@CHARACTER_SET_RESULTS */;
/*!40101 SET @OLD_COLLATION_CONNECTION=@@COLLATION_CONNECTION */;
/*!40101 SET NAMES utf8mb4 */;

--
-- Database: `reliable_estimate`
--

-- --------------------------------------------------------

--
-- Table structure for table `contactform_fields`
--

CREATE TABLE `contactform_fields` (
  `id` int(10) UNSIGNED NOT NULL,
  `key` varchar(100) DEFAULT NULL,
  `type` enum('backend','frontend','arrays') DEFAULT NULL,
  `label` varchar(255) DEFAULT NULL,
  `source` enum('script','plugin') DEFAULT 'script',
  `modified` datetime DEFAULT NULL
) ENGINE=InnoDB DEFAULT CHARSET=utf8;

--
-- Dumping data for table `contactform_fields`
--

INSERT INTO `contactform_fields` (`id`, `key`, `type`, `label`, `source`, `modified`) VALUES
(1, 'addLocale', 'backend', 'Add language', 'script', NULL),
(2, 'adminForgot', 'backend', 'Forgot password', 'script', NULL),
(3, 'adminLogin', 'backend', 'Admin Login', 'script', NULL),
(4, 'backend', 'backend', 'Backend titles', 'script', NULL),
(5, 'btnAdd', 'backend', 'Button Add', 'script', NULL),
(6, 'btnBack', 'backend', 'Button Back', 'script', NULL),
(7, 'btnBackup', 'backend', 'Button Backup', 'script', NULL),
(8, 'btnCancel', 'backend', 'Button Cancel', 'script', NULL),
(9, 'btnContinue', 'backend', 'Button Continue', 'script', NULL),
(10, 'btnDelete', 'backend', 'Button Delete', 'script', NULL),
(11, 'btnLogin', 'backend', 'Login', 'script', NULL),
(12, 'btnReset', 'backend', 'Reset', 'script', NULL),
(13, 'btnSave', 'backend', 'Save', 'script', NULL),
(14, 'btnSearch', 'backend', 'Search', 'script', NULL),
(15, 'btnSend', 'backend', 'Button Send', 'script', NULL),
(16, 'btnUpdate', 'backend', 'Update', 'script', NULL),
(17, 'created', 'backend', 'Created', 'script', NULL),
(18, 'email', 'backend', 'E-Mail', 'script', NULL),
(19, 'emailForgotBody', 'backend', 'Email / Forgot Body', 'script', NULL),
(20, 'emailForgotSubject', 'backend', 'Email / Forgot Subject', 'script', NULL),
(21, 'frontend', 'backend', 'Front-end titles', 'script', NULL),
(22, 'gridActionTitle', 'backend', 'Grid / Action Title', 'script', NULL),
(23, 'gridBtnCancel', 'backend', 'Grid / Button Cancel', 'script', NULL),
(24, 'gridBtnDelete', 'backend', 'Grid / Button Delete', 'script', NULL),
(25, 'gridBtnOk', 'backend', 'Grid / Button OK', 'script', NULL),
(26, 'gridChooseAction', 'backend', 'Grid / Choose Action', 'script', NULL),
(27, 'gridConfirmationTitle', 'backend', 'Grid / Confirmation Title', 'script', NULL),
(28, 'gridDeleteConfirmation', 'backend', 'Grid / Delete confirmation', 'script', NULL),
(29, 'gridEmptyResult', 'backend', 'Grid / Empty resultset', 'script', NULL),
(30, 'gridGotoPage', 'backend', 'Grid / Go to page', 'script', NULL),
(31, 'gridItemsPerPage', 'backend', 'Grid / Items per page', 'script', NULL),
(32, 'gridNext', 'backend', 'Grid / Next', 'script', NULL),
(33, 'gridNextPage', 'backend', 'Grid / Next page', 'script', NULL),
(34, 'gridPrev', 'backend', 'Grid / Prev', 'script', NULL),
(35, 'gridPrevPage', 'backend', 'Grid / Prev page', 'script', NULL),
(36, 'gridTotalItems', 'backend', 'Grid / Total items', 'script', NULL),
(37, 'infoListingAddressBody', 'backend', 'Infobox / Listing Address Body', 'script', NULL),
(38, 'infoListingAddressTitle', 'backend', 'Infobox / Listing Address Title', 'script', NULL),
(39, 'infoListingBookingsBody', 'backend', 'Infobox / Listing Bookings Body', 'script', NULL),
(40, 'infoListingBookingsTitle', 'backend', 'Infobox / Listing Bookings Title', 'script', NULL),
(41, 'infoListingContactBody', 'backend', 'Infobox / Listing Contact Body', 'script', NULL),
(42, 'infoListingContactTitle', 'backend', 'Infobox / Listing Contact Title', 'script', NULL),
(43, 'infoListingExtendBody', 'backend', 'Infobox / Extend exp.date Body', 'script', NULL),
(44, 'infoListingExtendTitle', 'backend', 'Infobox / Extend exp.date Title', 'script', NULL),
(45, 'infoListingPricesBody', 'backend', 'Infobox / Listing Prices Body', 'script', NULL),
(46, 'infoListingPricesTitle', 'backend', 'Infobox / Listing Prices Title', 'script', NULL),
(47, 'infoLocalesArraysBody', 'backend', 'Locale / Languages Array Body', 'script', NULL),
(48, 'infoLocalesArraysTitle', 'backend', 'Locale / Languages Array Title', 'script', NULL),
(49, 'infoLocalesBackendBody', 'backend', 'Infobox / Locales Backend Body', 'script', NULL),
(50, 'infoLocalesBackendTitle', 'backend', 'Infobox / Locales Backend Title', 'script', NULL),
(51, 'infoLocalesBody', 'backend', 'Infobox / Locales Body', 'script', NULL),
(52, 'infoLocalesFrontendBody', 'backend', 'Infobox / Locales Frontend Body', 'script', NULL),
(53, 'infoLocalesFrontendTitle', 'backend', 'Infobox / Locales Frontend Title', 'script', NULL),
(54, 'infoLocalesTitle', 'backend', 'Infobox / Locales Title', 'script', NULL),
(55, 'lblAddUser', 'backend', 'Add user', 'script', NULL),
(56, 'lblBackupDatabase', 'backend', 'Backup / Database', 'script', NULL),
(57, 'lblBackupFiles', 'backend', 'Backup / Files', 'script', NULL),
(58, 'lblChoose', 'backend', 'Choose', 'script', NULL),
(59, 'lblDays', 'backend', 'Days', 'script', NULL),
(60, 'lblDelete', 'backend', 'Delete', 'script', NULL),
(61, 'lblError', 'backend', 'Error', 'script', NULL),
(62, 'lblExport', 'backend', 'Export', 'script', NULL),
(63, 'lblForgot', 'backend', 'Forgot password', 'script', NULL),
(64, 'lblIp', 'backend', 'IP address', 'script', NULL),
(65, 'lblIsActive', 'backend', 'Is Active', 'script', NULL),
(66, 'lblName', 'backend', 'Name', 'script', NULL),
(67, 'lblNo', 'backend', 'No', 'script', NULL),
(68, 'lblOption', 'backend', 'Option', 'script', NULL),
(69, 'lblOptionList', 'backend', 'Option list', 'script', NULL),
(70, 'lblRole', 'backend', 'Role', 'script', NULL),
(71, 'lblStatus', 'backend', 'Status', 'script', NULL),
(72, 'lblType', 'backend', 'Type', 'script', NULL),
(73, 'lblUpdateUser', 'backend', 'Update user', 'script', NULL),
(74, 'lblUserCreated', 'backend', 'User / Registration Date & Time', 'script', NULL),
(75, 'lblValue', 'backend', 'Value', 'script', NULL),
(76, 'lblYes', 'backend', 'Yes', 'script', NULL),
(77, 'lnkBack', 'backend', 'Link Back', 'script', NULL),
(78, 'localeArrays', 'backend', 'Locale / Arrays titles', 'script', NULL),
(79, 'locales', 'backend', 'Languages', 'script', NULL),
(80, 'locale_flag', 'backend', 'Locale / Flag', 'script', NULL),
(81, 'locale_is_default', 'backend', 'Locale / Is default', 'script', NULL),
(82, 'locale_order', 'backend', 'Locale / Order', 'script', NULL),
(83, 'locale_title', 'backend', 'Locale / Title', 'script', NULL),
(84, 'menuBackup', 'backend', 'Menu Backup', 'script', NULL),
(85, 'menuDashboard', 'backend', 'Menu Dashboard', 'script', NULL),
(86, 'menuLang', 'backend', 'Menu Multi lang', 'script', NULL),
(87, 'menuLocales', 'backend', 'Menu Languages', 'script', NULL),
(88, 'menuLogout', 'backend', 'Menu Logout', 'script', NULL),
(89, 'menuOptions', 'backend', 'Menu Options', 'script', NULL),
(90, 'menuPlugins', 'backend', 'Menu Plugins', 'script', NULL),
(91, 'menuProfile', 'backend', 'Menu Profile', 'script', NULL),
(92, 'menuUsers', 'backend', 'Menu Users', 'script', NULL),
(93, 'multilangTooltip', 'backend', 'MultiLang / Tooltip', 'script', NULL),
(94, 'opt_o_currency', 'backend', 'Options / Currency', 'script', NULL),
(95, 'opt_o_date_format', 'backend', 'Options / Date format', 'script', NULL),
(96, 'opt_o_send_email', 'backend', 'opt_o_send_email', 'script', NULL),
(97, 'opt_o_smtp_host', 'backend', 'opt_o_smtp_host', 'script', NULL),
(98, 'opt_o_smtp_pass', 'backend', 'opt_o_smtp_pass', 'script', NULL),
(99, 'opt_o_smtp_port', 'backend', 'opt_o_smtp_port', 'script', NULL),
(100, 'opt_o_smtp_user', 'backend', 'opt_o_smtp_user', 'script', NULL),
(101, 'opt_o_timezone', 'backend', 'Options / Timezone', 'script', NULL),
(102, 'opt_o_week_start', 'backend', 'Options / First day of the week', 'script', NULL),
(103, 'pass', 'backend', 'Password', 'script', NULL),
(125, 'revert_status', 'backend', 'Revert status', 'script', NULL),
(126, 'url', 'backend', 'URL', 'script', NULL),
(127, 'user', 'backend', 'Username', 'script', NULL),
(128, 'pj_email_taken', 'backend', 'Users / Email already taken', 'script', NULL),
(129, 'days_ARRAY_0', 'arrays', 'days_ARRAY_0', 'script', NULL),
(130, 'days_ARRAY_1', 'arrays', 'days_ARRAY_1', 'script', NULL),
(131, 'days_ARRAY_2', 'arrays', 'days_ARRAY_2', 'script', NULL),
(132, 'days_ARRAY_3', 'arrays', 'days_ARRAY_3', 'script', NULL),
(133, 'days_ARRAY_4', 'arrays', 'days_ARRAY_4', 'script', NULL),
(134, 'days_ARRAY_5', 'arrays', 'days_ARRAY_5', 'script', NULL),
(135, 'days_ARRAY_6', 'arrays', 'days_ARRAY_6', 'script', NULL),
(136, 'day_names_ARRAY_0', 'arrays', 'day_names_ARRAY_0', 'script', NULL),
(137, 'day_names_ARRAY_1', 'arrays', 'day_names_ARRAY_1', 'script', NULL),
(138, 'day_names_ARRAY_2', 'arrays', 'day_names_ARRAY_2', 'script', NULL),
(139, 'day_names_ARRAY_3', 'arrays', 'day_names_ARRAY_3', 'script', NULL),
(140, 'day_names_ARRAY_4', 'arrays', 'day_names_ARRAY_4', 'script', NULL),
(141, 'day_names_ARRAY_5', 'arrays', 'day_names_ARRAY_5', 'script', NULL),
(142, 'day_names_ARRAY_6', 'arrays', 'day_names_ARRAY_6', 'script', NULL),
(143, 'error_bodies_ARRAY_AA10', 'arrays', 'error_bodies_ARRAY_AA10', 'script', NULL),
(144, 'error_bodies_ARRAY_AA11', 'arrays', 'error_bodies_ARRAY_AA11', 'script', NULL),
(145, 'error_bodies_ARRAY_AA12', 'arrays', 'error_bodies_ARRAY_AA12', 'script', NULL),
(146, 'error_bodies_ARRAY_AA13', 'arrays', 'error_bodies_ARRAY_AA13', 'script', NULL),
(147, 'error_bodies_ARRAY_AB01', 'arrays', 'error_bodies_ARRAY_AB01', 'script', NULL),
(148, 'error_bodies_ARRAY_AB02', 'arrays', 'error_bodies_ARRAY_AB02', 'script', NULL),
(149, 'error_bodies_ARRAY_AB03', 'arrays', 'error_bodies_ARRAY_AB03', 'script', NULL),
(150, 'error_bodies_ARRAY_AB04', 'arrays', 'error_bodies_ARRAY_AB04', 'script', NULL),
(151, 'error_bodies_ARRAY_ALC01', 'arrays', 'error_bodies_ARRAY_ALC01', 'script', NULL),
(152, 'error_bodies_ARRAY_AO01', 'arrays', 'error_bodies_ARRAY_AO01', 'script', NULL),
(153, 'error_bodies_ARRAY_AU01', 'arrays', 'error_bodies_ARRAY_AU01', 'script', NULL),
(154, 'error_bodies_ARRAY_AU03', 'arrays', 'error_bodies_ARRAY_AU03', 'script', NULL),
(155, 'error_bodies_ARRAY_AU04', 'arrays', 'error_bodies_ARRAY_AU04', 'script', NULL),
(156, 'error_bodies_ARRAY_AU08', 'arrays', 'error_bodies_ARRAY_AU08', 'script', NULL),
(159, 'error_titles_ARRAY_AA10', 'arrays', 'error_titles_ARRAY_AA10', 'script', NULL),
(160, 'error_titles_ARRAY_AA11', 'arrays', 'error_titles_ARRAY_AA11', 'script', NULL),
(161, 'error_titles_ARRAY_AA12', 'arrays', 'error_titles_ARRAY_AA12', 'script', NULL),
(162, 'error_titles_ARRAY_AA13', 'arrays', 'error_titles_ARRAY_AA13', 'script', NULL),
(163, 'error_titles_ARRAY_AB01', 'arrays', 'error_titles_ARRAY_AB01', 'script', NULL),
(164, 'error_titles_ARRAY_AB02', 'arrays', 'error_titles_ARRAY_AB02', 'script', NULL),
(165, 'error_titles_ARRAY_AB03', 'arrays', 'error_titles_ARRAY_AB03', 'script', NULL),
(166, 'error_titles_ARRAY_AB04', 'arrays', 'error_titles_ARRAY_AB04', 'script', NULL),
(167, 'error_titles_ARRAY_AO01', 'arrays', 'error_titles_ARRAY_AO01', 'script', NULL),
(168, 'error_titles_ARRAY_AU01', 'arrays', 'error_titles_ARRAY_AU01', 'script', NULL),
(169, 'error_titles_ARRAY_AU03', 'arrays', 'error_titles_ARRAY_AU03', 'script', NULL),
(170, 'error_titles_ARRAY_AU04', 'arrays', 'error_titles_ARRAY_AU04', 'script', NULL),
(171, 'error_titles_ARRAY_AU08', 'arrays', 'error_titles_ARRAY_AU08', 'script', NULL),
(174, 'filter_ARRAY_active', 'arrays', 'filter_ARRAY_active', 'script', NULL),
(175, 'filter_ARRAY_inactive', 'arrays', 'filter_ARRAY_inactive', 'script', NULL),
(176, 'login_err_ARRAY_1', 'arrays', 'login_err_ARRAY_1', 'script', NULL),
(177, 'login_err_ARRAY_2', 'arrays', 'login_err_ARRAY_2', 'script', NULL),
(178, 'login_err_ARRAY_3', 'arrays', 'login_err_ARRAY_3', 'script', NULL),
(179, 'months_ARRAY_1', 'arrays', 'months_ARRAY_1', 'script', NULL),
(180, 'months_ARRAY_10', 'arrays', 'months_ARRAY_10', 'script', NULL),
(181, 'months_ARRAY_11', 'arrays', 'months_ARRAY_11', 'script', NULL),
(182, 'months_ARRAY_12', 'arrays', 'months_ARRAY_12', 'script', NULL),
(183, 'months_ARRAY_2', 'arrays', 'months_ARRAY_2', 'script', NULL),
(184, 'months_ARRAY_3', 'arrays', 'months_ARRAY_3', 'script', NULL),
(185, 'months_ARRAY_4', 'arrays', 'months_ARRAY_4', 'script', NULL),
(186, 'months_ARRAY_5', 'arrays', 'months_ARRAY_5', 'script', NULL),
(187, 'months_ARRAY_6', 'arrays', 'months_ARRAY_6', 'script', NULL),
(188, 'months_ARRAY_7', 'arrays', 'months_ARRAY_7', 'script', NULL),
(189, 'months_ARRAY_8', 'arrays', 'months_ARRAY_8', 'script', NULL),
(190, 'months_ARRAY_9', 'arrays', 'months_ARRAY_9', 'script', NULL),
(191, 'personal_titles_ARRAY_dr', 'arrays', 'personal_titles_ARRAY_dr', 'script', NULL),
(192, 'personal_titles_ARRAY_miss', 'arrays', 'personal_titles_ARRAY_miss', 'script', NULL),
(193, 'personal_titles_ARRAY_mr', 'arrays', 'personal_titles_ARRAY_mr', 'script', NULL),
(194, 'personal_titles_ARRAY_mrs', 'arrays', 'personal_titles_ARRAY_mrs', 'script', NULL),
(195, 'personal_titles_ARRAY_ms', 'arrays', 'personal_titles_ARRAY_ms', 'script', NULL),
(196, 'personal_titles_ARRAY_other', 'arrays', 'personal_titles_ARRAY_other', 'script', NULL),
(197, 'personal_titles_ARRAY_prof', 'arrays', 'personal_titles_ARRAY_prof', 'script', NULL),
(198, 'personal_titles_ARRAY_rev', 'arrays', 'personal_titles_ARRAY_rev', 'script', NULL),
(199, 'short_months_ARRAY_1', 'arrays', 'short_months_ARRAY_1', 'script', NULL),
(200, 'short_months_ARRAY_10', 'arrays', 'short_months_ARRAY_10', 'script', NULL),
(201, 'short_months_ARRAY_11', 'arrays', 'short_months_ARRAY_11', 'script', NULL),
(202, 'short_months_ARRAY_12', 'arrays', 'short_months_ARRAY_12', 'script', NULL),
(203, 'short_months_ARRAY_2', 'arrays', 'short_months_ARRAY_2', 'script', NULL),
(204, 'short_months_ARRAY_3', 'arrays', 'short_months_ARRAY_3', 'script', NULL),
(205, 'short_months_ARRAY_4', 'arrays', 'short_months_ARRAY_4', 'script', NULL),
(206, 'short_months_ARRAY_5', 'arrays', 'short_months_ARRAY_5', 'script', NULL),
(207, 'short_months_ARRAY_6', 'arrays', 'short_months_ARRAY_6', 'script', NULL),
(208, 'short_months_ARRAY_7', 'arrays', 'short_months_ARRAY_7', 'script', NULL),
(209, 'short_months_ARRAY_8', 'arrays', 'short_months_ARRAY_8', 'script', NULL),
(210, 'short_months_ARRAY_9', 'arrays', 'short_months_ARRAY_9', 'script', NULL),
(211, 'status_ARRAY_1', 'arrays', 'status_ARRAY_1', 'script', NULL),
(212, 'status_ARRAY_123', 'arrays', 'status_ARRAY_123', 'script', NULL),
(213, 'status_ARRAY_2', 'arrays', 'status_ARRAY_2', 'script', NULL),
(214, 'status_ARRAY_3', 'arrays', 'status_ARRAY_3', 'script', NULL),
(215, 'status_ARRAY_7', 'arrays', 'status_ARRAY_7', 'script', NULL),
(216, 'status_ARRAY_996', 'arrays', 'status_ARRAY_996', 'script', NULL),
(217, 'status_ARRAY_997', 'arrays', 'status_ARRAY_997', 'script', NULL),
(218, 'status_ARRAY_998', 'arrays', 'status_ARRAY_998', 'script', NULL),
(219, 'status_ARRAY_999', 'arrays', 'status_ARRAY_999', 'script', NULL),
(220, 'status_ARRAY_9997', 'arrays', 'status_ARRAY_9997', 'script', NULL),
(221, 'status_ARRAY_9998', 'arrays', 'status_ARRAY_9998', 'script', NULL),
(222, 'status_ARRAY_9999', 'arrays', 'status_ARRAY_9999', 'script', NULL),
(223, 'timezones_ARRAY_-10800', 'arrays', 'timezones_ARRAY_-10800', 'script', NULL),
(224, 'timezones_ARRAY_-14400', 'arrays', 'timezones_ARRAY_-14400', 'script', NULL),
(225, 'timezones_ARRAY_-18000', 'arrays', 'timezones_ARRAY_-18000', 'script', NULL),
(226, 'timezones_ARRAY_-21600', 'arrays', 'timezones_ARRAY_-21600', 'script', NULL),
(227, 'timezones_ARRAY_-25200', 'arrays', 'timezones_ARRAY_-25200', 'script', NULL),
(228, 'timezones_ARRAY_-28800', 'arrays', 'timezones_ARRAY_-28800', 'script', NULL),
(229, 'timezones_ARRAY_-32400', 'arrays', 'timezones_ARRAY_-32400', 'script', NULL),
(230, 'timezones_ARRAY_-3600', 'arrays', 'timezones_ARRAY_-3600', 'script', NULL),
(231, 'timezones_ARRAY_-36000', 'arrays', 'timezones_ARRAY_-36000', 'script', NULL),
(232, 'timezones_ARRAY_-39600', 'arrays', 'timezones_ARRAY_-39600', 'script', NULL),
(233, 'timezones_ARRAY_-43200', 'arrays', 'timezones_ARRAY_-43200', 'script', NULL),
(234, 'timezones_ARRAY_-7200', 'arrays', 'timezones_ARRAY_-7200', 'script', NULL),
(235, 'timezones_ARRAY_0', 'arrays', 'timezones_ARRAY_0', 'script', NULL),
(236, 'timezones_ARRAY_10800', 'arrays', 'timezones_ARRAY_10800', 'script', NULL),
(237, 'timezones_ARRAY_14400', 'arrays', 'timezones_ARRAY_14400', 'script', NULL),
(238, 'timezones_ARRAY_18000', 'arrays', 'timezones_ARRAY_18000', 'script', NULL),
(239, 'timezones_ARRAY_21600', 'arrays', 'timezones_ARRAY_21600', 'script', NULL),
(240, 'timezones_ARRAY_25200', 'arrays', 'timezones_ARRAY_25200', 'script', NULL),
(241, 'timezones_ARRAY_28800', 'arrays', 'timezones_ARRAY_28800', 'script', NULL),
(242, 'timezones_ARRAY_32400', 'arrays', 'timezones_ARRAY_32400', 'script', NULL),
(243, 'timezones_ARRAY_3600', 'arrays', 'timezones_ARRAY_3600', 'script', NULL),
(244, 'timezones_ARRAY_36000', 'arrays', 'timezones_ARRAY_36000', 'script', NULL),
(245, 'timezones_ARRAY_39600', 'arrays', 'timezones_ARRAY_39600', 'script', NULL),
(246, 'timezones_ARRAY_43200', 'arrays', 'timezones_ARRAY_43200', 'script', NULL),
(247, 'timezones_ARRAY_46800', 'arrays', 'timezones_ARRAY_46800', 'script', NULL),
(248, 'timezones_ARRAY_7200', 'arrays', 'timezones_ARRAY_7200', 'script', NULL),
(249, 'u_statarr_ARRAY_F', 'arrays', 'u_statarr_ARRAY_F', 'script', NULL),
(250, 'u_statarr_ARRAY_T', 'arrays', 'u_statarr_ARRAY_T', 'script', NULL),
(251, '_yesno_ARRAY_F', 'arrays', '_yesno_ARRAY_F', 'script', NULL),
(252, '_yesno_ARRAY_T', 'arrays', '_yesno_ARRAY_T', 'script', NULL),
(278, 'menuForms', 'backend', 'Menu / Forms', 'script', NULL),
(279, 'lblCreateForm', 'backend', 'Label / Create form', 'script', NULL),
(280, 'lblFormName', 'backend', 'Label / Form name', 'script', NULL),
(281, 'lblAll', 'backend', 'Label / All', 'script', NULL),
(282, 'lblActive', 'backend', 'Label / Active', 'script', NULL),
(283, 'lblInActive', 'backend', 'Label / Inactive', 'script', NULL),
(284, 'delete_selected', 'backend', 'Label / Delete selected', 'script', NULL),
(285, 'delete_confirmation', 'backend', 'Label / Delete confirmation', 'script', NULL),
(286, 'lblFormDetails', 'backend', 'Label / Form details', 'script', NULL),
(287, 'lblFormFields', 'backend', 'Label / Form fields', 'script', NULL),
(288, 'lblInstall', 'backend', 'Label / Install', 'script', NULL),
(289, 'error_titles_ARRAY_AF01', 'arrays', 'error_titles_ARRAY_AF01', 'script', NULL),
(290, 'error_titles_ARRAY_AF03', 'arrays', 'error_titles_ARRAY_AF03', 'script', NULL),
(291, 'error_titles_ARRAY_AF04', 'arrays', 'error_titles_ARRAY_AF04', 'script', NULL),
(292, 'error_titles_ARRAY_AF08', 'arrays', 'error_titles_ARRAY_AF08', 'script', NULL),
(293, 'error_bodies_ARRAY_AF01', 'arrays', 'error_bodies_ARRAY_AF01', 'script', NULL),
(294, 'error_bodies_ARRAY_AF03', 'arrays', 'error_bodies_ARRAY_AF03', 'script', NULL),
(295, 'error_bodies_ARRAY_AF04', 'arrays', 'error_bodies_ARRAY_AF04', 'script', NULL),
(296, 'error_bodies_ARRAY_AF08', 'arrays', 'error_bodies_ARRAY_AF08', 'script', NULL),
(297, 'lblFormWidth', 'backend', 'Label / Form width', 'script', NULL),
(298, 'lblPixels', 'backend', 'Label / pixels', 'script', NULL),
(299, 'lblLabelWidth', 'backend', 'Label / Label width', 'script', NULL),
(300, 'lblLabelPosition', 'backend', 'Label / Label position', 'script', NULL),
(301, 'label_position_ARRAY_right', 'arrays', 'label_position_ARRAY_right', 'script', NULL),
(302, 'label_position_ARRAY_left', 'arrays', 'label_position_ARRAY_left', 'script', NULL),
(303, 'label_position_ARRAY_top', 'arrays', 'label_position_ARRAY_top', 'script', NULL),
(304, 'lblSubmitButton', 'backend', 'Label / Submit button', 'script', NULL),
(305, 'lblDateFormat', 'backend', 'Label / Date format', 'script', NULL),
(306, 'lblCaptchaEnabled', 'backend', 'Label / Captcha enable', 'script', NULL),
(332, 'lblEmailFormat', 'backend', 'Label / Email format', 'script', NULL),
(333, 'email_format_ARRAY_text', 'arrays', 'email_format_ARRAY_text', 'script', NULL),
(334, 'email_format_ARRAY_html', 'arrays', 'email_format_ARRAY_html', 'script', NULL),
(335, 'lblMailerType', 'backend', 'Label / Mailer type', 'script', NULL),
(336, 'mailer_type_ARRAY_php', 'arrays', 'mailer_type_ARRAY_php', 'script', NULL),
(337, 'mailer_type_ARRAY_smtp', 'arrays', 'mailer_type_ARRAY_smtp', 'script', NULL),
(338, 'lblConfirmationOptions', 'backend', 'Label / Confirmation options', 'script', NULL),
(339, 'lblConfirmationMessage', 'backend', 'Label / Confirmation message', 'script', NULL),
(340, 'lblRedirectURL', 'backend', 'Label / Redirect URL', 'script', NULL),
(341, 'confirm_options_ARRAY_message', 'arrays', 'confirm_options_ARRAY_message', 'script', NULL),
(342, 'confirm_options_ARRAY_redirect', 'arrays', 'confirm_options_ARRAY_redirect', 'script', NULL),
(343, 'lblSendTo', 'backend', 'Label / Send to', 'script', NULL),
(344, 'lblEmailSubject', 'backend', 'Label / Email subject', 'script', NULL),
(345, 'lblFormStyles', 'backend', 'Label / Form styles', 'script', NULL),
(346, 'lblAutoResponder', 'backend', 'Label / Auto responder', 'script', NULL),
(347, 'lblSubmitButtonTip', 'backend', 'Tips / submit button', 'script', NULL),
(348, 'lblDateFormatTip', 'backend', 'Tips / Date format', 'script', NULL),
(349, 'lblCaptchaTip', 'backend', 'Tips / Captcha enable', 'script', NULL),
(350, 'lblSendToTip', 'backend', 'Tips / send to tip', 'script', NULL),
(351, 'lblEmailSubjectTip', 'backend', 'Tips / Email subject tip', 'script', NULL),
(352, 'lblMailerTypeTip', 'backend', 'Tips / mailer type tip', 'script', NULL),
(353, 'lblEmailFormatTip', 'backend', 'Tips / email format tip', 'script', NULL),
(354, 'lblConfirmationOptionsTip', 'backend', 'Tips / confirmation options tip', 'script', NULL),
(355, 'infoAutoResponseTitle', 'backend', 'Infobox / Auto responder settings', 'script', NULL),
(356, 'infoAutoResponseBody', 'backend', 'Infobox / Auto responder body', 'script', NULL),
(357, 'lblAutoSubject', 'backend', 'Label / auto subject', 'script', NULL),
(358, 'lblAutoMessage', 'backend', 'Label / auto message', 'script', NULL),
(359, 'lblFontFamily', 'backend', 'Label / Font family', 'script', NULL),
(360, 'lblFontSize', 'backend', 'Label / Font size', 'script', NULL),
(361, 'lblFontColor', 'backend', 'Label / Font color', 'script', NULL),
(362, 'lblBackgroundColor', 'backend', 'Label / Background color', 'script', NULL),
(363, 'lblAddNewField', 'backend', 'Label / Add new field', 'script', NULL),
(364, 'lblEditField', 'backend', 'Label / Edit field', 'script', NULL),
(365, 'lblMediumHeading', 'backend', 'Label / Medium heading text', 'script', NULL),
(366, 'lblLargeHeading', 'backend', 'Label / Large heading text', 'script', NULL),
(367, 'lblSmallHeading', 'backend', 'Label / Smallheading text', 'script', NULL),
(393, 'lblFieldLabel', 'backend', 'Label / Field label', 'script', NULL),
(394, 'lblHeadingSize', 'backend', 'Label / Heading size', 'script', NULL),
(395, 'heading_size_ARRAY_small', 'arrays', 'heading_size_ARRAY_small', 'script', NULL),
(396, 'heading_size_ARRAY_medium', 'arrays', 'heading_size_ARRAY_medium', 'script', NULL),
(397, 'heading_size_ARRAY_large', 'arrays', 'heading_size_ARRAY_large', 'script', NULL),
(398, 'lblHeadingText', 'backend', 'Label / Heading text', 'script', NULL),
(399, 'lblLabel', 'backend', 'Label / Label', 'script', NULL),
(400, 'lblRequired', 'backend', 'Label / Required', 'script', NULL),
(401, 'lblDefaultValue', 'backend', 'Label / Default value', 'script', NULL),
(402, 'lblHintText', 'backend', 'Label / Hint text', 'script', NULL),
(403, 'lblSize', 'backend', 'Label / Size', 'script', NULL),
(404, 'lblMaxLength', 'backend', 'Label / Max length', 'script', NULL),
(405, 'lblValidation', 'backend', 'Label / Validation', 'script', NULL),
(406, 'validations_ARRAY_none', 'arrays', 'validations_ARRAY_none', 'script', NULL),
(408, 'validations_ARRAY_url', 'arrays', 'validations_ARRAY_url', 'script', NULL),
(409, 'validations_ARRAY_numeric', 'arrays', 'validations_ARRAY_numeric', 'script', NULL),
(410, 'validations_ARRAY_alphabetic', 'arrays', 'validations_ARRAY_alphabetic', 'script', NULL),
(411, 'validations_ARRAY_alphanumeric', 'arrays', 'validations_ARRAY_alphanumeric', 'script', NULL),
(412, 'lblColumns', 'backend', 'Label / Columns', 'script', NULL),
(413, 'lblRows', 'backend', 'Label / Rows', 'script', NULL),
(414, 'lblOptionData', 'backend', 'Label / Option data', 'script', NULL),
(415, 'default_options_ARRAY_option_1', 'arrays', 'default_options_ARRAY_option_1', 'script', NULL),
(416, 'default_options_ARRAY_option_2', 'arrays', 'default_options_ARRAY_option_2', 'script', NULL),
(417, 'default_options_ARRAY_option_3', 'arrays', 'default_options_ARRAY_option_3', 'script', NULL),
(418, 'lblMaxFileSize', 'backend', 'Label / Max file size', 'script', NULL),
(419, 'lblExtensions', 'backend', 'Label / Extensions', 'script', NULL),
(420, 'lblAllowMultiple', 'backend', 'Label / Allow multiple', 'script', NULL),
(421, 'lblDefaultExtensions', 'backend', 'Label / Default extensions', 'script', NULL),
(422, 'btnSubmit', 'backend', 'Button / Submit', 'script', NULL),
(423, 'lblDeleteField', 'backend', 'Label / Delete field', 'script', NULL),
(424, 'lblDeleteFieldConfirm', 'backend', 'Label / Delete field confirm', 'script', NULL),
(450, 'lblJSInstallCode', 'backend', 'Label / Javascript installation code', 'script', NULL),
(451, 'infoJSInstallBody', 'backend', 'Infobox / javascript install body', 'script', NULL),
(452, 'lblToolboxText', 'backend', 'Label / Toolbox text', 'script', NULL),
(453, 'infoFormDetailTitle', 'backend', 'Infobox / Form details title', 'script', NULL),
(454, 'infoFormDetailBody', 'backend', 'Infobox / Form details body', 'script', NULL),
(455, 'infoFormStylesTitle', 'backend', 'Infobox / Form styles title', 'script', NULL),
(456, 'infoFormStylesBody', 'backend', 'Infobox / Form styles body', 'script', NULL),
(457, 'btnPreviewForm', 'backend', 'Button / Preview form', 'script', NULL),
(458, 'lblRequiredErrorMessage', 'backend', 'Label / Required error message', 'script', NULL),
(459, 'lblValidationErrorMessage', 'backend', 'Label / Validation error message', 'script', NULL),
(460, 'lblMaxsizeErrorMessage', 'backend', 'Label / Max file size error message', 'script', NULL),
(461, 'lblExtensionErrorMessage', 'backend', 'Label / Extension error message', 'script', NULL),
(462, 'lblEmailErrorMessage', 'backend', 'Label / Email error message', 'script', NULL),
(463, 'lblCaptchaRequiredMessage', 'backend', 'Label / Captcha required message', 'script', NULL),
(464, 'lblCaptchaRequiredMessageTip', 'backend', 'Label / Required captcha tip', 'script', NULL),
(465, 'lblCaptchaIncorrectMessage', 'backend', 'Label / Incorrect captcha message', 'script', NULL),
(466, 'lblCaptchaIncorrectMessageTip', 'backend', 'Label / Incorrect captcha tip', 'script', NULL),
(467, 'opt_o_time_format', 'backend', 'Options / Time format', 'script', NULL),
(468, 'lblSubmissions', 'backend', 'Label / Submissions', 'script', NULL),
(469, 'lblRequiredField', 'backend', 'Label / This field is required.', 'script', NULL),
(470, 'lblFormHint', 'backend', 'Label / Form hint', 'script', NULL),
(496, 'lblHTMLCode', 'backend', 'Label / HTML installation code', 'script', NULL),
(497, 'infoHTMLInstallBody', 'backend', 'Infobox / HMLT installation body', 'script', NULL),
(499, 'lblSubmission', 'backend', 'Label / Submission', 'script', NULL),
(500, 'lblForms', 'backend', 'Label / Forms', 'script', NULL),
(501, 'lblForm', 'backend', 'Label / Form', 'script', NULL),
(502, 'lblUsers', 'backend', 'Label / Users', 'script', NULL),
(503, 'lblUser', 'backend', 'Label / User', 'script', NULL),
(504, 'lblLastSubmissions', 'backend', 'Label / Last Submissions', 'script', NULL),
(505, 'lblMostPopularForms', 'backend', 'Label / Most Popular Forms', 'script', NULL),
(506, 'lblLastLoggedUsers', 'backend', 'Label / Last Logged in Users', 'script', NULL),
(507, 'lblSubmissionNotFound', 'backend', 'Label / There is no submission found.', 'script', NULL),
(508, 'lblFormNotFound', 'backend', 'Label / There is no form found.', 'script', NULL),
(509, 'lblUserNotFound', 'backend', 'Label / There is no user found.', 'script', NULL),
(510, 'lblDashLastLogin', 'backend', 'Label / Last login', 'script', NULL),
(511, 'infoFormFieldTitle', 'backend', 'Infobox / Form fields info title', 'script', NULL),
(512, 'infoFormFieldBody', 'backend', 'Infobox / Form fields info text', 'script', NULL),
(538, 'infoFormsTitle', 'backend', 'Infobox / Form list title', 'script', NULL),
(539, 'infoFormsBody', 'backend', 'Infobox / Forms list body', 'script', NULL),
(540, 'infoAddFormTitle', 'backend', 'Infobox / Add new form', 'script', NULL),
(541, 'infoAddFormBody', 'backend', 'Infobox / Add new form body', 'script', NULL),
(542, 'infoSubmissionTitle', 'backend', 'Infobox / Submission title', 'script', NULL),
(543, 'infoSubmissionBody', 'backend', 'Infobox / Submission body', 'script', NULL),
(569, 'lblCaptchaType', 'backend', 'Label / Captcha type', 'script', NULL),
(570, 'captcha_types_ARRAY_string', 'arrays', 'captcha_types_ARRAY_string', 'script', NULL),
(571, 'captcha_types_ARRAY_math', 'arrays', 'captcha_types_ARRAY_math', 'script', NULL),
(572, 'lblRejectLinks', 'backend', 'Label / Reject links', 'script', NULL),
(573, 'lblRejectLinksTip', 'backend', 'Label / Reject links tip', 'script', NULL),
(574, 'lblBlockWords', 'backend', 'Label / Block words', 'script', NULL),
(575, 'lblBlockWordsTip', 'backend', 'Label / Block words tip', 'script', NULL),
(576, 'label_data_blocked', 'frontend', 'Label / Data blocked', 'script', NULL),
(577, 'lblInvalidUrl', 'backend', 'Label / Invalid url', 'script', NULL),
(578, 'lblSendConfirmation', 'backend', 'Label / Send confirmation', 'script', NULL),
(579, 'lblFieldBackgroundColor', 'backend', 'Label / Field background color', 'script', NULL),
(580, 'plugin_locale_languages', 'backend', 'Locale plugin / Languages', 'plugin', NULL),
(581, 'plugin_locale_titles', 'backend', 'Locale plugin / Title', 'plugin', NULL),
(582, 'plugin_locale_index_title', 'backend', 'Locale plugin / Languages info title', 'plugin', NULL),
(583, 'plugin_locale_index_body', 'backend', 'Locale plugin / Languages info body', 'plugin', NULL),
(584, 'plugin_locale_titles_title', 'backend', 'Locale plugin / Titles info title', 'plugin', NULL),
(585, 'plugin_locale_titles_body', 'backend', 'Locale plugin / Titles info body', 'plugin', NULL),
(586, 'plugin_locale_lbl_title', 'backend', 'Locale plugin / Title', 'plugin', NULL),
(587, 'plugin_locale_lbl_flag', 'backend', 'Locale plugin / Flag', 'plugin', NULL),
(588, 'plugin_locale_lbl_is_default', 'backend', 'Locale plugin / Is default', 'plugin', NULL),
(589, 'plugin_locale_lbl_order', 'backend', 'Locale plugin / Order', 'plugin', NULL),
(590, 'plugin_locale_add_lang', 'backend', 'Locale plugin / Add Language', 'plugin', NULL),
(591, 'plugin_locale_lbl_field', 'backend', 'Locale plugin / Field', 'plugin', NULL),
(592, 'plugin_locale_lbl_value', 'backend', 'Locale plugin / Value', 'plugin', NULL),
(593, 'plugin_locale_type_backend', 'backend', 'Locale plugin / Back-end title', 'plugin', NULL),
(594, 'plugin_locale_type_frontend', 'backend', 'Locale plugin / Front-end title', 'plugin', NULL),
(595, 'plugin_locale_type_arrays', 'backend', 'Locale plugin / Special title', 'plugin', NULL),
(596, 'error_titles_ARRAY_PAL01', 'arrays', 'Locale plugin / Status title', 'plugin', NULL),
(597, 'error_bodies_ARRAY_PAL01', 'arrays', 'Locale plugin / Status body', 'plugin', NULL),
(598, 'plugin_locale_lbl_rows', 'backend', 'Locale plugin / Per page', 'plugin', NULL),
(599, 'error_titles_ARRAY_PAL02', 'arrays', 'Locale plugin / Status title', 'plugin', NULL),
(600, 'error_bodies_ARRAY_PAL02', 'arrays', 'Locale plugin / Status body', 'plugin', NULL),
(601, 'error_titles_ARRAY_PAL03', 'arrays', 'Locale plugin / Status title', 'plugin', NULL),
(602, 'error_bodies_ARRAY_PAL03', 'arrays', 'Locale plugin / Status body', 'plugin', NULL),
(603, 'error_titles_ARRAY_PAL04', 'arrays', 'Locale plugin / Status title', 'plugin', NULL),
(604, 'error_bodies_ARRAY_PAL04', 'arrays', 'Locale plugin / Status body', 'plugin', NULL),
(605, 'error_titles_ARRAY_PAL05', 'arrays', 'Locale plugin / Status title', 'plugin', NULL),
(606, 'error_bodies_ARRAY_PAL05', 'arrays', 'Locale plugin / Status body', 'plugin', NULL),
(607, 'plugin_locale_import_export', 'backend', 'Locale plugin / Import Export menu', 'plugin', NULL),
(608, 'plugin_locale_import', 'backend', 'Locale plugin / Import', 'plugin', NULL),
(609, 'plugin_locale_export', 'backend', 'Locale plugin / Export', 'plugin', NULL),
(610, 'plugin_locale_language', 'backend', 'Locale plugin / Language', 'plugin', NULL),
(611, 'plugin_locale_browse', 'backend', 'Locale plugin / Browse your computer', 'plugin', NULL),
(612, 'plugin_locale_ie_title', 'backend', 'Locale plugin / Import Export (title)', 'plugin', NULL),
(613, 'plugin_locale_ie_body', 'backend', 'Locale plugin / Import Export (body)', 'plugin', NULL),
(614, 'plugin_locale_separator', 'backend', 'Locale plugin / Delimiter', 'plugin', '2014-07-16 14:02:18'),
(615, 'plugin_locale_separators_ARRAY_comma', 'arrays', 'Locale plugin / Delimiter: comma', 'plugin', '2014-07-16 14:02:36'),
(616, 'plugin_locale_separators_ARRAY_semicolon', 'arrays', 'Locale plugin / Delimiter: semicolon', 'plugin', '2014-07-16 14:02:52'),
(617, 'plugin_locale_separators_ARRAY_tab', 'arrays', 'Locale plugin / Delimiter: tab', 'plugin', '2014-07-16 14:03:09'),
(618, 'error_bodies_ARRAY_PAL20', 'arrays', 'error_bodies_ARRAY_PAL20', 'plugin', '2014-07-21 07:54:40'),
(619, 'error_titles_ARRAY_PAL20', 'arrays', 'error_titles_ARRAY_PAL20', 'plugin', '2014-07-21 07:55:25'),
(620, 'error_titles_ARRAY_PAL11', 'arrays', 'error_titles_ARRAY_PAL11', 'plugin', '2014-07-21 07:58:06'),
(621, 'error_bodies_ARRAY_PAL11', 'arrays', 'error_bodies_ARRAY_PAL11', 'plugin', '2014-07-21 07:58:37'),
(622, 'error_titles_ARRAY_PAL12', 'arrays', 'error_titles_ARRAY_PAL12', 'plugin', '2014-07-21 07:59:00'),
(623, 'error_bodies_ARRAY_PAL12', 'arrays', 'error_bodies_ARRAY_PAL12', 'plugin', '2014-07-21 07:59:46'),
(624, 'error_titles_ARRAY_PAL13', 'arrays', 'error_titles_ARRAY_PAL13', 'plugin', '2014-07-21 08:00:05'),
(625, 'error_bodies_ARRAY_PAL13', 'arrays', 'error_bodies_ARRAY_PAL13', 'plugin', '2014-07-21 08:01:02'),
(626, 'error_titles_ARRAY_PAL14', 'arrays', 'error_titles_ARRAY_PAL14', 'plugin', '2014-07-21 08:01:15'),
(627, 'error_bodies_ARRAY_PAL14', 'arrays', 'error_bodies_ARRAY_PAL14', 'plugin', '2014-07-21 08:01:37'),
(628, 'error_titles_ARRAY_PAL15', 'arrays', 'error_titles_ARRAY_PAL15', 'plugin', '2014-07-21 08:01:51'),
(629, 'error_bodies_ARRAY_PAL15', 'arrays', 'error_bodies_ARRAY_PAL15', 'plugin', '2014-07-21 08:04:05'),
(630, 'error_titles_ARRAY_PAL16', 'arrays', 'error_titles_ARRAY_PAL16', 'plugin', '2014-07-21 08:04:13'),
(631, 'error_bodies_ARRAY_PAL16', 'arrays', 'error_bodies_ARRAY_PAL16', 'plugin', '2014-07-21 08:05:29'),
(632, 'error_titles_ARRAY_PAL17', 'arrays', 'error_titles_ARRAY_PAL17', 'plugin', '2014-07-21 08:06:10'),
(633, 'error_bodies_ARRAY_PAL17', 'arrays', 'error_bodies_ARRAY_PAL17', 'plugin', '2014-07-21 08:06:27'),
(634, 'error_titles_ARRAY_PAL18', 'arrays', 'error_titles_ARRAY_PAL18', 'plugin', '2014-07-21 08:26:34'),
(635, 'error_bodies_ARRAY_PAL18', 'arrays', 'error_bodies_ARRAY_PAL18', 'plugin', '2014-07-21 08:27:01'),
(636, 'error_titles_ARRAY_PAL19', 'arrays', 'error_titles_ARRAY_PAL19', 'plugin', '2014-07-21 08:27:15'),
(637, 'error_bodies_ARRAY_PAL19', 'arrays', 'error_bodies_ARRAY_PAL19', 'plugin', '2014-07-21 08:27:27'),
(638, 'plugin_locale_lbl_id', 'backend', 'Label / ID:', 'plugin', NULL),
(639, 'plugin_locale_lbl_show_id', 'backend', 'Label / Show ID in all titles to easily locate them', 'plugin', NULL),
(640, 'plugin_locale_showid_dialog_title', 'backend', 'Label / Show IDs', 'plugin', NULL),
(641, 'plugin_locale_showid_dialog_desc', 'backend', 'Label / Show IDs', 'plugin', NULL),
(642, 'plugin_locale_button_confirm', 'backend', 'Button / Confirm', 'plugin', NULL),
(643, 'plugin_locale_button_cancel', 'backend', 'Button / Cancel', 'plugin', NULL),
(644, 'plugin_locale_default', 'backend', 'Label / default', 'plugin', NULL),
(645, 'error_titles_ARRAY_PBU01', 'arrays', 'error_titles_ARRAY_PBU01', 'plugin', NULL),
(646, 'error_titles_ARRAY_PBU02', 'arrays', 'error_titles_ARRAY_PBU02', 'plugin', NULL),
(647, 'error_titles_ARRAY_PBU03', 'arrays', 'error_titles_ARRAY_PBU03', 'plugin', NULL),
(648, 'error_titles_ARRAY_PBU04', 'arrays', 'error_titles_ARRAY_PBU04', 'plugin', NULL),
(649, 'error_bodies_ARRAY_PBU01', 'arrays', 'error_bodies_ARRAY_PBU01', 'plugin', NULL),
(650, 'error_bodies_ARRAY_PBU02', 'arrays', 'error_bodies_ARRAY_PBU02', 'plugin', NULL),
(651, 'error_bodies_ARRAY_PBU03', 'arrays', 'error_bodies_ARRAY_PBU03', 'plugin', NULL),
(652, 'error_bodies_ARRAY_PBU04', 'arrays', 'error_bodies_ARRAY_PBU04', 'plugin', NULL),
(653, 'plugin_backup_menu_backup', 'backend', 'Backup plugin / Menu Backup', 'plugin', NULL),
(654, 'plugin_backup_database', 'backend', 'Backup plugin / Backup database', 'plugin', NULL),
(655, 'plugin_backup_files', 'backend', 'Backup plugin / Backup files', 'plugin', NULL),
(656, 'plugin_backup_btn_backup', 'backend', 'Backup plugin / Backup button', 'plugin', NULL),
(657, 'error_titles_ARRAY_PBU05', 'arrays', 'error_titles_ARRAY_PBU05', 'plugin', NULL),
(658, 'error_bodies_ARRAY_PBU05', 'arrays', 'error_bodies_ARRAY_PBU05', 'plugin', NULL),
(659, 'error_titles_ARRAY_PBU06', 'arrays', 'error_titles_ARRAY_PBU06', 'plugin', NULL),
(660, 'error_bodies_ARRAY_PBU06', 'arrays', 'error_bodies_ARRAY_PBU06', 'plugin', NULL),
(661, 'plugin_log_menu_log', 'backend', 'Log plugin / Menu Log', 'plugin', NULL),
(662, 'plugin_log_menu_config', 'backend', 'Log plugin / Menu Config', 'plugin', NULL),
(663, 'plugin_log_btn_empty', 'backend', 'Log plugin / Empty button', 'plugin', NULL),
(664, 'error_titles_ARRAY_PLG01', 'arrays', 'error_titles_ARRAY_PLG01', 'plugin', NULL),
(665, 'error_bodies_ARRAY_PLG01', 'arrays', 'error_bodies_ARRAY_PLG01', 'plugin', NULL),
(666, 'plugin_one_admin_menu_index', 'backend', 'One Admin plugin / List', 'plugin', NULL),
(667, 'plugin_one_admin_btn_add', 'backend', 'One Admin plugin / Add button', 'plugin', NULL),
(668, 'error_titles_ARRAY_POA01', 'arrays', 'error_titles_ARRAY_POA01', 'plugin', NULL),
(669, 'error_bodies_ARRAY_POA01', 'arrays', 'error_bodies_ARRAY_POA01', 'plugin', NULL),
(670, 'front_file_not_found', 'frontend', 'Label / File not found', 'script', '2015-01-28 15:08:12'),
(671, 'front_err_ARRAY_url', 'arrays', 'front_err_ARRAY_url', 'script', '2015-01-29 15:52:08'),
(672, 'front_err_ARRAY_word', 'arrays', 'front_err_ARRAY_word', 'script', '2015-01-29 15:52:42'),
(673, 'front_err_ARRAY_redirect', 'arrays', 'front_err_ARRAY_redirect', 'script', '2015-03-20 16:07:38'),
(674, 'lblLastSubmission', 'backend', 'Label / Last submission', 'script', '2015-05-12 15:58:20'),
(675, 'lblJavascript', 'backend', 'Label / Javascript', 'script', '2015-05-12 16:18:26'),
(676, 'lblFormSourceCode', 'backend', 'Label / Form source code', 'script', '2015-05-12 16:18:55'),
(677, 'lblPreview', 'backend', 'Label / Preview', 'script', '2015-05-14 10:59:29'),
(678, 'lblDateTime', 'backend', 'Label / Date time', 'script', '2015-05-14 12:57:47'),
(679, 'lblFilterByForm', 'backend', 'Label / Filter by form', 'script', '2015-05-18 09:57:19'),
(680, 'infoUsersTitle', 'backend', 'Infobox / Users', 'script', '2015-05-18 10:09:26'),
(681, 'infoUsersDesc', 'backend', 'Infobox / Users', 'script', '2015-05-18 10:09:56'),
(682, 'btnAddUser', 'backend', 'Button / + Add user', 'script', '2015-05-18 10:11:03'),
(683, 'infoAddUserTitle', 'backend', 'Infobox / Add user', 'script', '2015-05-18 10:21:12'),
(684, 'infoAddUserDesc', 'backend', 'Infobox / Add user', 'script', '2015-05-18 10:21:30'),
(685, 'infoUpdateUserTitle', 'backend', 'Infobox / Update user', 'script', '2015-05-18 10:23:57'),
(686, 'infoUpdateUserDesc', 'backend', 'Infobox / Update user', 'script', '2015-05-18 10:24:56'),
(687, 'front_form_not_found', 'frontend', 'Label / Form not found', 'script', '2015-05-19 11:20:25'),
(688, 'gridEmptyTitle', 'backend', 'Grid / No records selected', 'script', '2015-05-19 11:54:21'),
(689, 'gridEmptyBody', 'backend', 'Grid / No records selected', 'script', '2015-05-19 11:55:06'),
(690, 'lblDateSplashTime', 'backend', 'Label / Date / Time', 'script', '2015-05-21 13:57:39'),
(691, 'lblButtonBackgroundColor', 'backend', 'Label / Button background color', 'script', NULL),
(692, 'lblButtonBorderColor', 'backend', 'Label / Button border color', 'script', NULL),
(693, 'lblButtonHoverBackgroundColor', 'backend', 'Label / Button hover background color', 'script', NULL),
(694, 'lblButtonHoverBorderColor', 'backend', 'Label / Button hover border color', 'script', NULL),
(695, 'field_titles_ARRAY_heading', 'arrays', 'field_titles_ARRAY_heading', 'script', '2015-06-26 10:23:46'),
(696, 'field_titles_ARRAY_textbox', 'arrays', 'field_titles_ARRAY_textbox', 'script', '2015-06-26 10:24:17'),
(697, 'field_titles_ARRAY_email', 'arrays', 'field_titles_ARRAY_email', 'script', '2015-06-26 10:24:40'),
(698, 'field_titles_ARRAY_textarea', 'arrays', 'field_titles_ARRAY_textarea', 'script', '2015-06-26 10:25:02'),
(699, 'field_titles_ARRAY_dropdown', 'arrays', 'field_titles_ARRAY_dropdown', 'script', '2015-06-26 10:25:25'),
(700, 'field_titles_ARRAY_radio', 'arrays', 'field_titles_ARRAY_radio', 'script', '2015-06-26 10:25:48'),
(701, 'field_titles_ARRAY_checkbox', 'arrays', 'field_titles_ARRAY_checkbox', 'script', '2015-06-26 10:26:13'),
(702, 'field_titles_ARRAY_fileupload', 'arrays', 'field_titles_ARRAY_fileupload', 'script', '2015-06-26 10:26:40'),
(703, 'field_titles_ARRAY_datepicker', 'arrays', 'field_titles_ARRAY_datepicker', 'script', '2015-06-26 10:27:04'),
(704, 'field_titles_ARRAY_captcha', 'arrays', 'field_titles_ARRAY_captcha', 'script', '2015-06-26 10:27:28'),
(705, 'field_titles_ARRAY_button', 'arrays', 'field_titles_ARRAY_button', 'script', '2015-06-26 10:27:52'),
(706, 'lblWidthPercentage', 'backend', 'Label / Width (%)', 'script', '2015-07-20 16:05:25'),
(707, 'lblHeightPixel', 'backend', 'Label / Height (px)', 'script', '2015-07-20 16:06:02');

-- --------------------------------------------------------

--
-- Table structure for table `contactform_files`
--

CREATE TABLE `contactform_files` (
  `id` int(10) UNSIGNED NOT NULL,
  `form_id` int(10) DEFAULT NULL,
  `submission_id` int(10) DEFAULT NULL,
  `field_id` int(10) DEFAULT NULL,
  `mime_type` varchar(255) DEFAULT NULL,
  `file_path` varchar(255) DEFAULT NULL,
  `file_name` varchar(255) DEFAULT NULL,
  `hash` varchar(255) DEFAULT NULL
) ENGINE=InnoDB DEFAULT CHARSET=utf8;

-- --------------------------------------------------------

--
-- Table structure for table `contactform_formfields`
--

CREATE TABLE `contactform_formfields` (
  `id` int(11) UNSIGNED NOT NULL,
  `form_id` int(11) UNSIGNED NOT NULL,
  `order_id` int(11) DEFAULT NULL,
  `type` varchar(100) DEFAULT NULL,
  `label` varchar(255) DEFAULT NULL,
  `default_value` varchar(255) DEFAULT NULL,
  `send_confirmation` enum('T','F') DEFAULT 'T',
  `hint` varchar(255) DEFAULT NULL,
  `size` int(10) DEFAULT '30',
  `maxlength` int(10) DEFAULT NULL,
  `columns` int(10) DEFAULT '100',
  `rows` int(10) DEFAULT '150',
  `option_data` text,
  `max_file_size` int(4) DEFAULT '1',
  `extensions` varchar(255) DEFAULT NULL,
  `allow_mulitple` enum('T','F') DEFAULT 'F',
  `validate_image` enum('T','F') DEFAULT 'F',
  `heading_size` enum('small','medium','large') DEFAULT 'medium',
  `required` enum('T','F') DEFAULT 'F',
  `validation` enum('none','url','numeric','alphabetic','alphanumeric') DEFAULT 'none',
  `error_required` varchar(255) DEFAULT NULL,
  `error_email` varchar(255) DEFAULT NULL,
  `error_validation` varchar(255) DEFAULT NULL,
  `error_maxsize` varchar(255) DEFAULT NULL,
  `error_extensions` varchar(255) DEFAULT NULL,
  `error_incorrect` varchar(255) DEFAULT NULL
) ENGINE=InnoDB DEFAULT CHARSET=utf8;

--
-- Dumping data for table `contactform_formfields`
--

INSERT INTO `contactform_formfields` (`id`, `form_id`, `order_id`, `type`, `label`, `default_value`, `send_confirmation`, `hint`, `size`, `maxlength`, `columns`, `rows`, `option_data`, `max_file_size`, `extensions`, `allow_mulitple`, `validate_image`, `heading_size`, `required`, `validation`, `error_required`, `error_email`, `error_validation`, `error_maxsize`, `error_extensions`, `error_incorrect`) VALUES
(1, 1, 1, 'heading', 'Free Estimate Form', NULL, 'T', NULL, 100, NULL, 100, 150, NULL, 1, NULL, 'F', 'F', 'medium', NULL, 'none', 'This field is required.', NULL, NULL, NULL, NULL, NULL),
(2, 1, 2, 'textbox', 'Full Name', NULL, 'T', NULL, 100, NULL, 100, 150, NULL, 1, NULL, 'F', 'F', 'medium', 'T', 'none', 'This field is required.', NULL, NULL, NULL, NULL, NULL),
(5, 1, 3, 'email', 'Email', NULL, 'F', NULL, 100, NULL, 100, 150, NULL, 1, NULL, 'F', 'F', 'medium', 'T', 'none', 'This field is required.', NULL, NULL, NULL, NULL, NULL),
(6, 1, 4, 'textbox', 'Job location', NULL, 'T', 'Town/City/State', 100, NULL, 100, 150, NULL, 1, NULL, 'F', 'F', 'medium', 'T', 'none', 'This field is required.', NULL, NULL, NULL, NULL, NULL),
(7, 1, 5, 'textbox', 'Contact phone#', NULL, 'T', NULL, 100, NULL, 100, 150, NULL, 1, NULL, 'F', 'F', 'medium', 'T', 'none', 'This field is required.', NULL, NULL, NULL, NULL, NULL),
(8, 1, 6, 'textarea', 'Job description', NULL, 'T', NULL, 100, NULL, 100, 150, NULL, 1, NULL, 'F', 'F', 'medium', 'F', 'none', 'This field is required.', NULL, NULL, NULL, NULL, NULL),
(9, 1, 8, 'button', 'SEND', NULL, 'T', NULL, 100, NULL, 100, 150, NULL, 1, NULL, 'F', 'F', 'medium', NULL, 'none', 'This field is required.', NULL, NULL, NULL, NULL, NULL),
(10, 1, 7, 'radio', 'Project timeline?', NULL, 'T', NULL, 100, NULL, 100, 150, 'As soon as possible\nWithin 1-3 Months\nNot sure', 1, NULL, 'F', 'F', 'medium', 'T', 'none', 'This field is required.', NULL, NULL, NULL, NULL, NULL);

-- --------------------------------------------------------

--
-- Table structure for table `contactform_forms`
--

CREATE TABLE `contactform_forms` (
  `id` int(10) UNSIGNED NOT NULL,
  `form_title` varchar(255) DEFAULT NULL,
  `form_width` int(11) DEFAULT '550',
  `label_width` int(11) DEFAULT '80',
  `label_position` enum('right','left','top') NOT NULL DEFAULT 'right',
  `date_format` varchar(20) DEFAULT 'd-m-Y',
  `confirm_options` enum('message','redirect') NOT NULL DEFAULT 'message',
  `confirm_message` varchar(255) DEFAULT NULL,
  `thankyou_page` varchar(255) DEFAULT NULL,
  `send_to` varchar(255) DEFAULT NULL,
  `subject` varchar(255) DEFAULT NULL,
  `auto_subject` varchar(255) DEFAULT NULL,
  `auto_message` text,
  `email_type` enum('html','text') DEFAULT 'html',
  `captcha_type` enum('string','math') DEFAULT 'string',
  `reject_links` enum('T','F') DEFAULT 'F',
  `block_words` text,
  `font_family` varchar(50) DEFAULT 'Arial',
  `font_size` int(4) DEFAULT '12',
  `font_color` varchar(10) DEFAULT '000000',
  `background_color` varchar(10) DEFAULT 'FFFFFF',
  `field_background_color` varchar(10) DEFAULT 'FFFFFF',
  `button_background_color` varchar(10) DEFAULT 'FFFFFF',
  `button_border_color` varchar(10) DEFAULT 'CCCCCC',
  `button_hover_border_color` varchar(10) DEFAULT 'adadad',
  `button_hover_background_color` varchar(10) DEFAULT 'e6e6e6',
  `modified` datetime DEFAULT NULL,
  `created` datetime DEFAULT NULL,
  `status` enum('T','F') NOT NULL DEFAULT 'T'
) ENGINE=InnoDB DEFAULT CHARSET=utf8;

--
-- Dumping data for table `contactform_forms`
--

INSERT INTO `contactform_forms` (`id`, `form_title`, `form_width`, `label_width`, `label_position`, `date_format`, `confirm_options`, `confirm_message`, `thankyou_page`, `send_to`, `subject`, `auto_subject`, `auto_message`, `email_type`, `captcha_type`, `reject_links`, `block_words`, `font_family`, `font_size`, `font_color`, `background_color`, `field_background_color`, `button_background_color`, `button_border_color`, `button_hover_border_color`, `button_hover_background_color`, `modified`, `created`, `status`) VALUES
(1, 'free_estimate', 550, 80, 'right', 'd-m-Y', 'redirect', 'Thank you!', 'https://reliablecnj.com/thankyou.html', NULL, 'Reliable Estimate Request', NULL, NULL, 'html', 'string', 'F', NULL, 'Arial', 16, '#000000', '#ffffff', '#ffffff', '#ffffff', '#cccccc', '#adadad', '#e6e6e6', NULL, '2017-10-26 19:47:48', 'T');

-- --------------------------------------------------------

--
-- Table structure for table `contactform_multi_lang`
--

CREATE TABLE `contactform_multi_lang` (
  `id` int(10) UNSIGNED NOT NULL,
  `foreign_id` int(10) UNSIGNED DEFAULT NULL,
  `model` varchar(50) DEFAULT NULL,
  `locale` tinyint(3) UNSIGNED DEFAULT NULL,
  `field` varchar(50) DEFAULT NULL,
  `content` text,
  `source` enum('script','plugin','data') DEFAULT 'script'
) ENGINE=InnoDB DEFAULT CHARSET=utf8;

--
-- Dumping data for table `contactform_multi_lang`
--

INSERT INTO `contactform_multi_lang` (`id`, `foreign_id`, `model`, `locale`, `field`, `content`, `source`) VALUES
(1, 1, 'pjField', 1, 'title', 'Add language', 'script'),
(2, 2, 'pjField', 1, 'title', 'Password reminder', 'script'),
(3, 3, 'pjField', 1, 'title', 'Admin Login', 'script'),
(4, 4, 'pjField', 1, 'title', 'Back-end titles', 'script'),
(5, 5, 'pjField', 1, 'title', 'Add +', 'script'),
(6, 6, 'pjField', 1, 'title', ' Back', 'script'),
(7, 7, 'pjField', 1, 'title', 'Backup', 'script'),
(8, 8, 'pjField', 1, 'title', 'Cancel', 'script'),
(9, 9, 'pjField', 1, 'title', 'Continue', 'script'),
(10, 10, 'pjField', 1, 'title', 'Delete', 'script'),
(11, 11, 'pjField', 1, 'title', 'Login', 'script'),
(12, 12, 'pjField', 1, 'title', 'Reset', 'script'),
(13, 13, 'pjField', 1, 'title', 'Save', 'script'),
(14, 14, 'pjField', 1, 'title', 'Search', 'script'),
(15, 15, 'pjField', 1, 'title', 'Send', 'script'),
(16, 16, 'pjField', 1, 'title', 'Update', 'script'),
(17, 17, 'pjField', 1, 'title', 'DateTime', 'script'),
(18, 18, 'pjField', 1, 'title', 'Email', 'script'),
(19, 19, 'pjField', 1, 'title', 'Dear {Name},Your password: {Password}', 'script'),
(20, 20, 'pjField', 1, 'title', 'Password reminder', 'script'),
(21, 21, 'pjField', 1, 'title', 'Front-end titles', 'script'),
(22, 22, 'pjField', 1, 'title', 'Action confirmation', 'script'),
(23, 23, 'pjField', 1, 'title', 'Cancel', 'script'),
(24, 24, 'pjField', 1, 'title', 'Delete', 'script'),
(25, 25, 'pjField', 1, 'title', 'OK', 'script'),
(26, 26, 'pjField', 1, 'title', 'Choose Action', 'script'),
(27, 27, 'pjField', 1, 'title', 'Are you sure you want to delete selected record?', 'script'),
(28, 28, 'pjField', 1, 'title', 'Delete confirmation', 'script'),
(29, 29, 'pjField', 1, 'title', 'No records found', 'script'),
(30, 30, 'pjField', 1, 'title', 'Go to page:', 'script'),
(31, 31, 'pjField', 1, 'title', 'Items per page', 'script'),
(32, 32, 'pjField', 1, 'title', 'Next ', 'script'),
(33, 33, 'pjField', 1, 'title', 'Next page', 'script'),
(34, 34, 'pjField', 1, 'title', ' Prev', 'script'),
(35, 35, 'pjField', 1, 'title', 'Prev page', 'script'),
(36, 36, 'pjField', 1, 'title', 'Total items:', 'script'),
(37, 37, 'pjField', 1, 'title', 'You can show a map with the location of the listing accommodation on the listing details page. Submit the full address first and then click on \'Get coordinates from Google Maps API\' button. Save your data.', 'script'),
(38, 38, 'pjField', 1, 'title', 'Location and address', 'script'),
(39, 39, 'pjField', 1, 'title', 'Listing Bookings Body', 'script'),
(40, 40, 'pjField', 1, 'title', 'Listing Bookings Title', 'script'),
(41, 41, 'pjField', 1, 'title', 'Listing Contact Body', 'script'),
(42, 42, 'pjField', 1, 'title', 'Listing Contact Title', 'script'),
(43, 43, 'pjField', 1, 'title', 'Extend exp.date Body', 'script'),
(44, 44, 'pjField', 1, 'title', 'Extend exp.date Title', 'script'),
(45, 45, 'pjField', 1, 'title', 'Listing Prices Body', 'script'),
(46, 46, 'pjField', 1, 'title', 'Listing Prices Title', 'script'),
(47, 47, 'pjField', 1, 'title', 'Languages Array Body', 'script'),
(48, 48, 'pjField', 1, 'title', 'Languages Arrays Title', 'script'),
(49, 49, 'pjField', 1, 'title', 'Languages Backend Body', 'script'),
(50, 50, 'pjField', 1, 'title', 'Languages Backend Title', 'script'),
(51, 51, 'pjField', 1, 'title', 'Languages Body', 'script'),
(52, 52, 'pjField', 1, 'title', 'Languages Frontend Body', 'script'),
(53, 53, 'pjField', 1, 'title', 'Languages Frontend Title', 'script'),
(54, 54, 'pjField', 1, 'title', 'Languages Title', 'script'),
(55, 55, 'pjField', 1, 'title', 'Add user', 'script'),
(56, 56, 'pjField', 1, 'title', 'Backup database', 'script'),
(57, 57, 'pjField', 1, 'title', 'Backup files', 'script'),
(58, 58, 'pjField', 1, 'title', 'Choose', 'script'),
(59, 59, 'pjField', 1, 'title', 'days', 'script'),
(60, 60, 'pjField', 1, 'title', 'Delete', 'script'),
(61, 61, 'pjField', 1, 'title', 'Error', 'script'),
(62, 62, 'pjField', 1, 'title', 'Export', 'script'),
(63, 63, 'pjField', 1, 'title', 'Forgot password', 'script'),
(64, 64, 'pjField', 1, 'title', 'IP address', 'script'),
(65, 65, 'pjField', 1, 'title', 'Is confirmed', 'script'),
(66, 66, 'pjField', 1, 'title', 'Name', 'script'),
(67, 67, 'pjField', 1, 'title', 'No', 'script'),
(68, 68, 'pjField', 1, 'title', 'Option', 'script'),
(69, 69, 'pjField', 1, 'title', 'Option list', 'script'),
(70, 70, 'pjField', 1, 'title', 'Role', 'script'),
(71, 71, 'pjField', 1, 'title', 'Status', 'script'),
(72, 72, 'pjField', 1, 'title', 'Type', 'script'),
(73, 73, 'pjField', 1, 'title', 'Update user', 'script'),
(74, 74, 'pjField', 1, 'title', 'Registration date/time', 'script'),
(75, 75, 'pjField', 1, 'title', 'Value', 'script'),
(76, 76, 'pjField', 1, 'title', 'Yes', 'script'),
(77, 77, 'pjField', 1, 'title', 'Back', 'script'),
(78, 78, 'pjField', 1, 'title', 'Arrays titles', 'script'),
(79, 79, 'pjField', 1, 'title', 'Languages', 'script'),
(80, 80, 'pjField', 1, 'title', 'Flag', 'script'),
(81, 81, 'pjField', 1, 'title', 'Is default', 'script'),
(82, 82, 'pjField', 1, 'title', 'Order', 'script'),
(83, 83, 'pjField', 1, 'title', 'Title', 'script'),
(84, 84, 'pjField', 1, 'title', 'Backup', 'script'),
(85, 85, 'pjField', 1, 'title', 'Dashboard', 'script'),
(86, 86, 'pjField', 1, 'title', 'Multi Lang', 'script'),
(87, 87, 'pjField', 1, 'title', 'Languages', 'script'),
(88, 88, 'pjField', 1, 'title', 'Logout', 'script'),
(89, 89, 'pjField', 1, 'title', 'Options', 'script'),
(90, 90, 'pjField', 1, 'title', 'Plugins', 'script'),
(91, 91, 'pjField', 1, 'title', 'Profile', 'script'),
(92, 92, 'pjField', 1, 'title', 'Users', 'script'),
(93, 93, 'pjField', 1, 'title', 'Lorem ipsum dolor sit amet, consectetur adipiscing elit.', 'script'),
(94, 94, 'pjField', 1, 'title', 'Currency', 'script'),
(95, 95, 'pjField', 1, 'title', 'Date format', 'script'),
(96, 96, 'pjField', 1, 'title', 'Send email', 'script'),
(97, 97, 'pjField', 1, 'title', 'SMTP Host', 'script'),
(98, 98, 'pjField', 1, 'title', 'SMTP Password', 'script'),
(99, 99, 'pjField', 1, 'title', 'SMTP Port', 'script'),
(100, 100, 'pjField', 1, 'title', 'SMTP Username', 'script'),
(101, 101, 'pjField', 1, 'title', 'Timezone', 'script'),
(102, 102, 'pjField', 1, 'title', 'First day of the week', 'script'),
(103, 103, 'pjField', 1, 'title', 'Password', 'script'),
(104, 125, 'pjField', 1, 'title', 'Revert status', 'script'),
(105, 126, 'pjField', 1, 'title', 'URL', 'script'),
(106, 127, 'pjField', 1, 'title', 'Username', 'script'),
(107, 128, 'pjField', 1, 'title', 'Email address was already in use', 'script'),
(108, 129, 'pjField', 1, 'title', 'Sunday', 'script'),
(109, 130, 'pjField', 1, 'title', 'Monday', 'script'),
(110, 131, 'pjField', 1, 'title', 'Tuesday', 'script'),
(111, 132, 'pjField', 1, 'title', 'Wednesday', 'script'),
(112, 133, 'pjField', 1, 'title', 'Thursday', 'script'),
(113, 134, 'pjField', 1, 'title', 'Friday', 'script'),
(114, 135, 'pjField', 1, 'title', 'Saturday', 'script'),
(115, 136, 'pjField', 1, 'title', 'S', 'script'),
(116, 137, 'pjField', 1, 'title', 'M', 'script'),
(117, 138, 'pjField', 1, 'title', 'T', 'script'),
(118, 139, 'pjField', 1, 'title', 'W', 'script'),
(119, 140, 'pjField', 1, 'title', 'T', 'script'),
(120, 141, 'pjField', 1, 'title', 'F', 'script'),
(121, 142, 'pjField', 1, 'title', 'S', 'script'),
(122, 143, 'pjField', 1, 'title', 'Given email address is not associated with any account.', 'script'),
(123, 144, 'pjField', 1, 'title', 'For further instructions please check your mailbox.', 'script'),
(124, 145, 'pjField', 1, 'title', 'We are sorry, please try again later.', 'script'),
(125, 146, 'pjField', 1, 'title', 'All the changes made to your profile have been saved.', 'script'),
(126, 147, 'pjField', 1, 'title', 'To protect your system from loses perform a backup anytime you wish. Click on the generated file link to download the backup file.', 'script'),
(127, 148, 'pjField', 1, 'title', 'All backup files have been saved.', 'script'),
(128, 149, 'pjField', 1, 'title', 'No option was selected.', 'script'),
(129, 150, 'pjField', 1, 'title', 'Backup not performed.', 'script'),
(130, 151, 'pjField', 1, 'title', 'All the changes made to titles have been saved.', 'script'),
(131, 152, 'pjField', 1, 'title', 'All the changes made to options have been saved.', 'script'),
(132, 153, 'pjField', 1, 'title', 'All the changes made to this user have been saved.', 'script'),
(133, 154, 'pjField', 1, 'title', 'All the changes made to this user have been saved.', 'script'),
(134, 155, 'pjField', 1, 'title', 'We are sorry, but the user has not been added.', 'script'),
(135, 156, 'pjField', 1, 'title', 'User your looking for is missing.', 'script'),
(136, 159, 'pjField', 1, 'title', 'Account not found!', 'script'),
(137, 160, 'pjField', 1, 'title', 'Password send!', 'script'),
(138, 161, 'pjField', 1, 'title', 'Password not send!', 'script'),
(139, 162, 'pjField', 1, 'title', 'Profile updated!', 'script'),
(140, 163, 'pjField', 1, 'title', 'Backup', 'script'),
(141, 164, 'pjField', 1, 'title', 'Backup complete!', 'script'),
(142, 165, 'pjField', 1, 'title', 'Backup failed!', 'script'),
(143, 166, 'pjField', 1, 'title', 'Backup failed!', 'script'),
(144, 167, 'pjField', 1, 'title', 'Options updated!', 'script'),
(145, 168, 'pjField', 1, 'title', 'User updated!', 'script'),
(146, 169, 'pjField', 1, 'title', 'User added!', 'script'),
(147, 170, 'pjField', 1, 'title', 'User failed to add.', 'script'),
(148, 171, 'pjField', 1, 'title', 'User not found.', 'script'),
(149, 174, 'pjField', 1, 'title', 'Active', 'script'),
(150, 175, 'pjField', 1, 'title', 'Inactive', 'script'),
(151, 176, 'pjField', 1, 'title', 'Wrong username or password', 'script'),
(152, 177, 'pjField', 1, 'title', 'Access denied', 'script'),
(153, 178, 'pjField', 1, 'title', 'Account is disabled', 'script'),
(154, 179, 'pjField', 1, 'title', 'January', 'script'),
(155, 180, 'pjField', 1, 'title', 'October', 'script'),
(156, 181, 'pjField', 1, 'title', 'November', 'script'),
(157, 182, 'pjField', 1, 'title', 'December', 'script'),
(158, 183, 'pjField', 1, 'title', 'February', 'script'),
(159, 184, 'pjField', 1, 'title', 'March', 'script'),
(160, 185, 'pjField', 1, 'title', 'April', 'script'),
(161, 186, 'pjField', 1, 'title', 'May', 'script'),
(162, 187, 'pjField', 1, 'title', 'June', 'script'),
(163, 188, 'pjField', 1, 'title', 'July', 'script'),
(164, 189, 'pjField', 1, 'title', 'August', 'script'),
(165, 190, 'pjField', 1, 'title', 'September', 'script'),
(166, 191, 'pjField', 1, 'title', 'Dr.', 'script'),
(167, 192, 'pjField', 1, 'title', 'Miss', 'script'),
(168, 193, 'pjField', 1, 'title', 'Mr.', 'script'),
(169, 194, 'pjField', 1, 'title', 'Mrs.', 'script'),
(170, 195, 'pjField', 1, 'title', 'Ms.', 'script'),
(171, 196, 'pjField', 1, 'title', 'Other', 'script'),
(172, 197, 'pjField', 1, 'title', 'Prof.', 'script'),
(173, 198, 'pjField', 1, 'title', 'Rev.', 'script'),
(174, 199, 'pjField', 1, 'title', 'Jan', 'script'),
(175, 200, 'pjField', 1, 'title', 'Oct', 'script'),
(176, 201, 'pjField', 1, 'title', 'Nov', 'script'),
(177, 202, 'pjField', 1, 'title', 'Dec', 'script'),
(178, 203, 'pjField', 1, 'title', 'Feb', 'script'),
(179, 204, 'pjField', 1, 'title', 'Mar', 'script'),
(180, 205, 'pjField', 1, 'title', 'Apr', 'script'),
(181, 206, 'pjField', 1, 'title', 'May', 'script'),
(182, 207, 'pjField', 1, 'title', 'Jun', 'script'),
(183, 208, 'pjField', 1, 'title', 'Jul', 'script'),
(184, 209, 'pjField', 1, 'title', 'Aug', 'script'),
(185, 210, 'pjField', 1, 'title', 'Sep', 'script'),
(186, 211, 'pjField', 1, 'title', 'You are not loged in.', 'script'),
(187, 212, 'pjField', 1, 'title', 'Your hosting account does not allow uploading such a large image.', 'script'),
(188, 213, 'pjField', 1, 'title', 'Access denied. You have not requisite rights to.', 'script'),
(189, 214, 'pjField', 1, 'title', 'Empty resultset.', 'script'),
(190, 215, 'pjField', 1, 'title', 'The operation is not allowed in demo mode.', 'script'),
(191, 216, 'pjField', 1, 'title', 'No property for the reservation found', 'script'),
(192, 217, 'pjField', 1, 'title', 'No reservation found', 'script'),
(193, 218, 'pjField', 1, 'title', 'No permisions to edit the reservation', 'script'),
(194, 219, 'pjField', 1, 'title', 'No permisions to edit the property', 'script'),
(195, 220, 'pjField', 1, 'title', 'E-Mail address already exist', 'script'),
(196, 221, 'pjField', 1, 'title', 'Your registration was successfull. Your account needs to be approved.', 'script'),
(197, 222, 'pjField', 1, 'title', 'Your registration was successfull.', 'script'),
(198, 223, 'pjField', 1, 'title', 'GMT-03:00', 'script'),
(199, 224, 'pjField', 1, 'title', 'GMT-04:00', 'script'),
(200, 225, 'pjField', 1, 'title', 'GMT-05:00', 'script'),
(201, 226, 'pjField', 1, 'title', 'GMT-06:00', 'script'),
(202, 227, 'pjField', 1, 'title', 'GMT-07:00', 'script'),
(203, 228, 'pjField', 1, 'title', 'GMT-08:00', 'script'),
(204, 229, 'pjField', 1, 'title', 'GMT-09:00', 'script'),
(205, 230, 'pjField', 1, 'title', 'GMT-01:00', 'script'),
(206, 231, 'pjField', 1, 'title', 'GMT-10:00', 'script'),
(207, 232, 'pjField', 1, 'title', 'GMT-11:00', 'script'),
(208, 233, 'pjField', 1, 'title', 'GMT-12:00', 'script'),
(209, 234, 'pjField', 1, 'title', 'GMT-02:00', 'script'),
(210, 235, 'pjField', 1, 'title', 'GMT', 'script'),
(211, 236, 'pjField', 1, 'title', 'GMT+03:00', 'script'),
(212, 237, 'pjField', 1, 'title', 'GMT+04:00', 'script'),
(213, 238, 'pjField', 1, 'title', 'GMT+05:00', 'script'),
(214, 239, 'pjField', 1, 'title', 'GMT+06:00', 'script'),
(215, 240, 'pjField', 1, 'title', 'GMT+07:00', 'script'),
(216, 241, 'pjField', 1, 'title', 'GMT+08:00', 'script'),
(217, 242, 'pjField', 1, 'title', 'GMT+09:00', 'script'),
(218, 243, 'pjField', 1, 'title', 'GMT+01:00', 'script'),
(219, 244, 'pjField', 1, 'title', 'GMT+10:00', 'script'),
(220, 245, 'pjField', 1, 'title', 'GMT+11:00', 'script'),
(221, 246, 'pjField', 1, 'title', 'GMT+12:00', 'script'),
(222, 247, 'pjField', 1, 'title', 'GMT+13:00', 'script'),
(223, 248, 'pjField', 1, 'title', 'GMT+02:00', 'script'),
(224, 249, 'pjField', 1, 'title', 'Inactive', 'script'),
(225, 250, 'pjField', 1, 'title', 'Active', 'script'),
(226, 251, 'pjField', 1, 'title', 'No', 'script'),
(227, 252, 'pjField', 1, 'title', 'Yes', 'script'),
(228, 278, 'pjField', 1, 'title', 'Forms', 'script'),
(229, 279, 'pjField', 1, 'title', 'Create form', 'script'),
(230, 280, 'pjField', 1, 'title', 'Form name', 'script'),
(231, 281, 'pjField', 1, 'title', 'All', 'script'),
(232, 282, 'pjField', 1, 'title', 'Active', 'script'),
(233, 283, 'pjField', 1, 'title', 'Inactive', 'script'),
(234, 284, 'pjField', 1, 'title', 'Delete selected', 'script'),
(235, 285, 'pjField', 1, 'title', 'Are you sure that you want to delete selected record(s)?', 'script'),
(236, 286, 'pjField', 1, 'title', 'Form details', 'script'),
(237, 287, 'pjField', 1, 'title', 'Form fields', 'script'),
(238, 288, 'pjField', 1, 'title', 'Install', 'script'),
(239, 289, 'pjField', 1, 'title', 'Form updated', 'script'),
(240, 290, 'pjField', 1, 'title', 'Form created', 'script'),
(241, 291, 'pjField', 1, 'title', 'Form failed to create', 'script'),
(242, 292, 'pjField', 1, 'title', 'Form not found', 'script'),
(243, 293, 'pjField', 1, 'title', 'All changes made to the form have been saved.', 'script'),
(244, 294, 'pjField', 1, 'title', 'A new form has been created successfully.', 'script'),
(245, 295, 'pjField', 1, 'title', 'We are sorry that the form could not be created properly.', 'script'),
(246, 296, 'pjField', 1, 'title', 'We are sorry the form you are looking for is missing.', 'script'),
(247, 297, 'pjField', 1, 'title', 'Form width', 'script'),
(248, 298, 'pjField', 1, 'title', 'pixels', 'script'),
(249, 299, 'pjField', 1, 'title', 'Label width', 'script'),
(250, 300, 'pjField', 1, 'title', 'Label position', 'script'),
(251, 301, 'pjField', 1, 'title', 'Right aligned labels', 'script'),
(252, 302, 'pjField', 1, 'title', 'Left aligned labels', 'script'),
(253, 303, 'pjField', 1, 'title', 'Top aligned labels', 'script'),
(254, 304, 'pjField', 1, 'title', 'Submit button title', 'script'),
(255, 305, 'pjField', 1, 'title', 'Date format', 'script'),
(256, 306, 'pjField', 1, 'title', 'Captcha enable', 'script'),
(257, 332, 'pjField', 1, 'title', 'Email format', 'script'),
(258, 333, 'pjField', 1, 'title', 'Plain text', 'script'),
(259, 334, 'pjField', 1, 'title', 'HTML', 'script'),
(260, 335, 'pjField', 1, 'title', 'Mailer type', 'script'),
(261, 336, 'pjField', 1, 'title', 'PHP mail()', 'script'),
(262, 337, 'pjField', 1, 'title', 'SMTP', 'script'),
(263, 338, 'pjField', 1, 'title', 'Confirmation options', 'script'),
(264, 339, 'pjField', 1, 'title', 'Confirmation message', 'script'),
(265, 340, 'pjField', 1, 'title', 'Redirect URL', 'script'),
(266, 341, 'pjField', 1, 'title', 'Confirmation message', 'script'),
(267, 342, 'pjField', 1, 'title', 'Redirect URL', 'script'),
(268, 343, 'pjField', 1, 'title', 'Send to', 'script'),
(269, 344, 'pjField', 1, 'title', 'Email subject', 'script'),
(270, 345, 'pjField', 1, 'title', 'Form styles', 'script'),
(271, 346, 'pjField', 1, 'title', 'Auto responder', 'script'),
(272, 347, 'pjField', 1, 'title', 'submit button title for your contact form', 'script'),
(273, 348, 'pjField', 1, 'title', 'Choose date and time format for all form date picker fields', 'script'),
(274, 349, 'pjField', 1, 'title', 'select \'Yes\' if you want to have captcha verification in the form.', 'script'),
(275, 350, 'pjField', 1, 'title', 'Select all users who will receive an email confirmation when the form is submitted.', 'script'),
(276, 351, 'pjField', 1, 'title', 'Enter email message subject for the confirmation message being sent', 'script'),
(277, 352, 'pjField', 1, 'title', 'you can either use PHP mail() function or SMTP method to send emails', 'script'),
(278, 353, 'pjField', 1, 'title', 'Set the format (plain text or HTML) for the confirmation email that will be sent', 'script'),
(279, 354, 'pjField', 1, 'title', 'When form is submitted you can either show a thank you message or redirect them to external web page.', 'script'),
(280, 355, 'pjField', 1, 'title', 'Auto responder settings', 'script'),
(281, 356, 'pjField', 1, 'title', 'If you have at least one email field on your form with \"Send confirmation\" checkbox selected and you enter subject and message for auto responder message here, then when the form is submitted, the message below will be sent to the user\'s email address.', 'script'),
(282, 357, 'pjField', 1, 'title', 'Subject', 'script'),
(283, 358, 'pjField', 1, 'title', 'Message', 'script'),
(284, 359, 'pjField', 1, 'title', 'Font family', 'script'),
(285, 360, 'pjField', 1, 'title', 'Font size', 'script'),
(286, 361, 'pjField', 1, 'title', 'Font color', 'script'),
(287, 362, 'pjField', 1, 'title', 'Background color', 'script'),
(288, 363, 'pjField', 1, 'title', 'Add new field', 'script'),
(289, 364, 'pjField', 1, 'title', 'Edit field', 'script'),
(290, 365, 'pjField', 1, 'title', 'Medium heading text', 'script'),
(291, 366, 'pjField', 1, 'title', 'Large heading text', 'script'),
(292, 367, 'pjField', 1, 'title', 'Small heading text', 'script'),
(293, 393, 'pjField', 1, 'title', 'Field label', 'script'),
(294, 394, 'pjField', 1, 'title', 'Heading size', 'script'),
(295, 395, 'pjField', 1, 'title', 'Small', 'script'),
(296, 396, 'pjField', 1, 'title', 'Medium', 'script'),
(297, 397, 'pjField', 1, 'title', 'Large', 'script'),
(298, 398, 'pjField', 1, 'title', 'Heading text', 'script'),
(299, 399, 'pjField', 1, 'title', 'Label', 'script'),
(300, 400, 'pjField', 1, 'title', 'Required', 'script'),
(301, 401, 'pjField', 1, 'title', 'Default value', 'script'),
(302, 402, 'pjField', 1, 'title', 'Hint text', 'script'),
(303, 403, 'pjField', 1, 'title', 'Size', 'script'),
(304, 404, 'pjField', 1, 'title', 'Max length', 'script'),
(305, 405, 'pjField', 1, 'title', 'Validation', 'script'),
(306, 406, 'pjField', 1, 'title', 'None', 'script'),
(307, 408, 'pjField', 1, 'title', 'URL', 'script'),
(308, 409, 'pjField', 1, 'title', 'Numeric', 'script'),
(309, 410, 'pjField', 1, 'title', 'Alphabetic', 'script'),
(310, 411, 'pjField', 1, 'title', 'Alpha & numeric', 'script'),
(311, 412, 'pjField', 1, 'title', 'Columns', 'script'),
(312, 413, 'pjField', 1, 'title', 'Rows', 'script'),
(313, 414, 'pjField', 1, 'title', 'Option data', 'script'),
(314, 415, 'pjField', 1, 'title', 'Option 1', 'script'),
(315, 416, 'pjField', 1, 'title', 'Option 2', 'script'),
(316, 417, 'pjField', 1, 'title', 'Option 3', 'script'),
(317, 418, 'pjField', 1, 'title', 'Max file size(MB)', 'script'),
(318, 419, 'pjField', 1, 'title', 'Extensions', 'script'),
(319, 420, 'pjField', 1, 'title', 'Allow multiple', 'script'),
(320, 421, 'pjField', 1, 'title', 'pdf|doc|docx|xls|xlsx|csv|txt|rtf|html|zip|mp3|wma|mpg|flv|avi|jpg|jpeg|png|gif', 'script'),
(321, 422, 'pjField', 1, 'title', 'Submit', 'script'),
(322, 423, 'pjField', 1, 'title', 'Delete field', 'script'),
(323, 424, 'pjField', 1, 'title', 'Are you sure that you want to delete this field?', 'script'),
(324, 450, 'pjField', 1, 'title', 'Javascript installation code', 'script'),
(325, 451, 'pjField', 1, 'title', 'With JavaScript integration method you can copy the code on your web page and form will appear there. If you decide to make changes to your form there is no need to update your web page as the JS code will load the new changes you made to your form.', 'script'),
(326, 452, 'pjField', 1, 'title', 'Click on a form element below to add it to your form.', 'script'),
(327, 453, 'pjField', 1, 'title', 'Form options', 'script'),
(328, 454, 'pjField', 1, 'title', 'Set different configuration options for your form. There is an info icon next to each option with more details about it.', 'script'),
(329, 455, 'pjField', 1, 'title', 'Form styles', 'script'),
(330, 456, 'pjField', 1, 'title', 'Set different style options for your form. If you want to further customize your form you can use the \"HTML installation code\" under the Install tab.', 'script'),
(331, 457, 'pjField', 1, 'title', 'Preview form', 'script'),
(332, 458, 'pjField', 1, 'title', 'Required error message', 'script'),
(333, 459, 'pjField', 1, 'title', 'Validation error message', 'script'),
(334, 460, 'pjField', 1, 'title', 'Max file size error message', 'script'),
(335, 461, 'pjField', 1, 'title', 'Extension error message', 'script'),
(336, 462, 'pjField', 1, 'title', 'Email error message', 'script'),
(337, 463, 'pjField', 1, 'title', 'Captcha required message', 'script'),
(338, 464, 'pjField', 1, 'title', 'This is the error message shown if user submit the form without entering value for Captcha field.', 'script'),
(339, 465, 'pjField', 1, 'title', 'Incorrect captcha message', 'script'),
(340, 466, 'pjField', 1, 'title', 'This is the error message shown if user enter wrong Captcha value.', 'script'),
(341, 467, 'pjField', 1, 'title', 'Time format', 'script'),
(342, 468, 'pjField', 1, 'title', 'Submissions', 'script'),
(343, 469, 'pjField', 1, 'title', 'This field is required.', 'script'),
(344, 470, 'pjField', 1, 'title', 'Create your form by adding a new field.', 'script'),
(345, 496, 'pjField', 1, 'title', 'HTML installation code', 'script'),
(346, 497, 'pjField', 1, 'title', 'If you are experienced with HTML and want to customize your form, you can use this integration method. Just copy the code and paste it on your web page. You can change the layout, colors, fonts, borders, etc. Do not change the form fields - \"Count\" and \"Names\". Please, bear in mind that, if you decide to edit your form using the \"Form fields\" tab, you will need to copy the new generated HTML installation code and paste it on your web page again.', 'script'),
(347, 499, 'pjField', 1, 'title', 'Submission', 'script'),
(348, 500, 'pjField', 1, 'title', 'Forms', 'script'),
(349, 501, 'pjField', 1, 'title', 'Form', 'script'),
(350, 502, 'pjField', 1, 'title', 'Users', 'script'),
(351, 503, 'pjField', 1, 'title', 'User', 'script'),
(352, 504, 'pjField', 1, 'title', 'Last Submissions', 'script'),
(353, 505, 'pjField', 1, 'title', 'Most Popular Forms', 'script'),
(354, 506, 'pjField', 1, 'title', 'Last Logged in Users', 'script'),
(355, 507, 'pjField', 1, 'title', 'There is no submission found.', 'script'),
(356, 508, 'pjField', 1, 'title', 'There is no form found.', 'script'),
(357, 509, 'pjField', 1, 'title', 'There is no user found.', 'script'),
(358, 510, 'pjField', 1, 'title', 'Last login', 'script'),
(359, 511, 'pjField', 1, 'title', 'Form fields', 'script'),
(360, 512, 'pjField', 1, 'title', 'Click on field type in the box on the right and it will be added to your form. You can mouse over each of the fields and edit, move or delete selected field.', 'script'),
(361, 538, 'pjField', 1, 'title', 'Form list', 'script'),
(362, 539, 'pjField', 1, 'title', 'Below is the list of contact forms and number of submissions of each form. You can also click on the \'View\' icon to preview the contact form', 'script'),
(363, 540, 'pjField', 1, 'title', 'Add new form', 'script'),
(364, 541, 'pjField', 1, 'title', 'Please enter the form title and click \'Save\' button. Then, you can define necessary fields for the form and properties of fields as well.', 'script'),
(365, 542, 'pjField', 1, 'title', 'Submissions', 'script'),
(366, 543, 'pjField', 1, 'title', 'Below is the list of submissions made for this form. You can click on the \'View\' icon or \'Print\' icon to preview submission details.', 'script'),
(367, 569, 'pjField', 1, 'title', 'Captcha type', 'script'),
(368, 570, 'pjField', 1, 'title', 'Random string', 'script'),
(369, 571, 'pjField', 1, 'title', 'Math', 'script'),
(370, 572, 'pjField', 1, 'title', 'Reject links', 'script'),
(371, 573, 'pjField', 1, 'title', 'For better security and spam protection you can reject form submissions if there are link(s) in any of the text boxes and text areas on your form.', 'script'),
(372, 574, 'pjField', 1, 'title', 'Block words', 'script'),
(373, 575, 'pjField', 1, 'title', 'For better security and spam protection you can reject form submissions if there are certain words in any of the text boxes and text areas on your form. Just list each word you want to block on a new line.', 'script'),
(374, 576, 'pjField', 1, 'title', 'Message blocked due to banned words used.', 'script'),
(375, 577, 'pjField', 1, 'title', 'Invalid url', 'script'),
(376, 578, 'pjField', 1, 'title', 'Send confirmation', 'script'),
(377, 579, 'pjField', 1, 'title', 'Field background color', 'script'),
(378, 580, 'pjField', 1, 'title', 'Languages', 'plugin'),
(379, 580, 'pjField', 2, 'title', 'Languages', 'plugin'),
(380, 580, 'pjField', 3, 'title', 'Languages', 'plugin'),
(381, 581, 'pjField', 1, 'title', 'Translate', 'plugin'),
(382, 581, 'pjField', 2, 'title', 'Translate', 'plugin'),
(383, 581, 'pjField', 3, 'title', 'Translate', 'plugin'),
(384, 582, 'pjField', 1, 'title', 'Languages', 'plugin'),
(385, 582, 'pjField', 2, 'title', 'Languages', 'plugin'),
(386, 582, 'pjField', 3, 'title', 'Languages', 'plugin'),
(387, 583, 'pjField', 1, 'title', 'Add as many languages as you need to your script. For each of the languages added you need to translate all the text titles.', 'plugin'),
(388, 583, 'pjField', 2, 'title', 'Add as many languages as you need to your script. For each of the languages added you need to translate all the text titles.', 'plugin'),
(389, 583, 'pjField', 3, 'title', 'Add as many languages as you need to your script. For each of the languages added you need to translate all the text titles.', 'plugin'),
(390, 584, 'pjField', 1, 'title', 'Titles', 'plugin'),
(391, 584, 'pjField', 2, 'title', 'Titles', 'plugin'),
(392, 584, 'pjField', 3, 'title', 'Titles', 'plugin'),
(393, 585, 'pjField', 1, 'title', 'Using the form below you can edit all the text in the software.<br /><br />Each piece of text used in the software is saved in the database and has its own unique ID. In the first column below you can see the ID for each piece of text. To show these IDs in the script itself check the \"Show IDs\" checkbox and click Save button next to it. This will show the corresponding :ID: for each text message. Please, note that ONLY you will see these IDs. Now you can search for any ID and easily change and/or translate the text. Have in the mind that you shoud use : before and after the ID when you search for it.  <br /><br />Check our <a target=\"_blank\" href=\"http://www.phpjabbers.com/knowledgebase/other\">knowledgebase</a> and watch video tutorial how to change and/or translate the text.', 'plugin'),
(394, 585, 'pjField', 2, 'title', 'Using the form below you can edit all the text in the software.<br /><br />Each piece of text used in the software is saved in the database and has its own unique ID. In the first column below you can see the ID for each piece of text. To show these IDs in the script itself check the \"Show IDs\" checkbox and click Save button next to it. This will show the corresponding :ID: for each text message. Please, note that ONLY you will see these IDs. Now you can search for any ID and easily change and/or translate the text. Have in the mind that you shoud use : before and after the ID when you search for it.  <br /><br />Check our <a target=\"_blank\" href=\"http://www.phpjabbers.com/knowledgebase/other\">knowledgebase</a> and watch video tutorial how to change and/or translate the text.', 'plugin'),
(395, 585, 'pjField', 3, 'title', 'Using the form below you can edit all the text in the software.<br /><br />Each piece of text used in the software is saved in the database and has its own unique ID. In the first column below you can see the ID for each piece of text. To show these IDs in the script itself check the \"Show IDs\" checkbox and click Save button next to it. This will show the corresponding :ID: for each text message. Please, note that ONLY you will see these IDs. Now you can search for any ID and easily change and/or translate the text. Have in the mind that you shoud use : before and after the ID when you search for it.  <br /><br />Check our <a target=\"_blank\" href=\"http://www.phpjabbers.com/knowledgebase/other\">knowledgebase</a> and watch video tutorial how to change and/or translate the text.', 'plugin'),
(396, 586, 'pjField', 1, 'title', 'Title', 'plugin'),
(397, 586, 'pjField', 2, 'title', 'Title', 'plugin'),
(398, 586, 'pjField', 3, 'title', 'Title', 'plugin'),
(399, 587, 'pjField', 1, 'title', 'Flag', 'plugin'),
(400, 587, 'pjField', 2, 'title', 'Flag', 'plugin'),
(401, 587, 'pjField', 3, 'title', 'Flag', 'plugin'),
(402, 588, 'pjField', 1, 'title', 'Is default', 'plugin'),
(403, 588, 'pjField', 2, 'title', 'Is default', 'plugin'),
(404, 588, 'pjField', 3, 'title', 'Is default', 'plugin'),
(405, 589, 'pjField', 1, 'title', 'Order', 'plugin'),
(406, 589, 'pjField', 2, 'title', 'Order', 'plugin'),
(407, 589, 'pjField', 3, 'title', 'Order', 'plugin'),
(408, 590, 'pjField', 1, 'title', 'Add Language', 'plugin'),
(409, 590, 'pjField', 2, 'title', 'Add Language', 'plugin'),
(410, 590, 'pjField', 3, 'title', 'Add Language', 'plugin'),
(411, 591, 'pjField', 1, 'title', 'Field', 'plugin'),
(412, 591, 'pjField', 2, 'title', 'Field', 'plugin'),
(413, 591, 'pjField', 3, 'title', 'Field', 'plugin'),
(414, 592, 'pjField', 1, 'title', 'Value', 'plugin'),
(415, 592, 'pjField', 2, 'title', 'Value', 'plugin'),
(416, 592, 'pjField', 3, 'title', 'Value', 'plugin'),
(417, 593, 'pjField', 1, 'title', 'Back-end title', 'plugin'),
(418, 593, 'pjField', 2, 'title', 'Back-end title', 'plugin'),
(419, 593, 'pjField', 3, 'title', 'Back-end title', 'plugin'),
(420, 594, 'pjField', 1, 'title', 'Front-end title', 'plugin'),
(421, 594, 'pjField', 2, 'title', 'Front-end title', 'plugin'),
(422, 594, 'pjField', 3, 'title', 'Front-end title', 'plugin'),
(423, 595, 'pjField', 1, 'title', 'Special title', 'plugin'),
(424, 595, 'pjField', 2, 'title', 'Special title', 'plugin'),
(425, 595, 'pjField', 3, 'title', 'Special title', 'plugin'),
(426, 596, 'pjField', 1, 'title', 'Titles Updated', 'plugin'),
(427, 596, 'pjField', 2, 'title', 'Titles Updated', 'plugin'),
(428, 596, 'pjField', 3, 'title', 'Titles Updated', 'plugin'),
(429, 597, 'pjField', 1, 'title', 'All the changes made to titles have been saved.', 'plugin'),
(430, 597, 'pjField', 2, 'title', 'All the changes made to titles have been saved.', 'plugin'),
(431, 597, 'pjField', 3, 'title', 'All the changes made to titles have been saved.', 'plugin'),
(432, 598, 'pjField', 1, 'title', 'Per page', 'plugin'),
(433, 598, 'pjField', 2, 'title', 'Per page', 'plugin'),
(434, 598, 'pjField', 3, 'title', 'Per page', 'plugin'),
(435, 599, 'pjField', 1, 'title', 'Import error', 'plugin'),
(436, 599, 'pjField', 2, 'title', 'Import error', 'plugin'),
(437, 599, 'pjField', 3, 'title', 'Import error', 'plugin'),
(438, 600, 'pjField', 1, 'title', 'Import failed due missing parameters.', 'plugin'),
(439, 600, 'pjField', 2, 'title', 'Import failed due missing parameters.', 'plugin'),
(440, 600, 'pjField', 3, 'title', 'Import failed due missing parameters.', 'plugin'),
(441, 601, 'pjField', 1, 'title', 'Import complete', 'plugin'),
(442, 601, 'pjField', 2, 'title', 'Import complete', 'plugin'),
(443, 601, 'pjField', 3, 'title', 'Import complete', 'plugin'),
(444, 602, 'pjField', 1, 'title', 'The import was performed successfully.', 'plugin'),
(445, 602, 'pjField', 2, 'title', 'The import was performed successfully.', 'plugin'),
(446, 602, 'pjField', 3, 'title', 'The import was performed successfully.', 'plugin'),
(447, 603, 'pjField', 1, 'title', 'Import error', 'plugin'),
(448, 603, 'pjField', 2, 'title', 'Import error', 'plugin'),
(449, 603, 'pjField', 3, 'title', 'Import error', 'plugin'),
(450, 604, 'pjField', 1, 'title', 'Import failed due empty data.', 'plugin'),
(451, 604, 'pjField', 2, 'title', 'Import failed due empty data.', 'plugin'),
(452, 604, 'pjField', 3, 'title', 'Import failed due empty data.', 'plugin'),
(453, 605, 'pjField', 1, 'title', 'Import error', 'plugin'),
(454, 605, 'pjField', 2, 'title', 'Import error', 'plugin'),
(455, 605, 'pjField', 3, 'title', 'Import error', 'plugin'),
(456, 606, 'pjField', 1, 'title', 'Import failed because file cannot be open.', 'plugin'),
(457, 606, 'pjField', 2, 'title', 'Import failed because file cannot be open.', 'plugin'),
(458, 606, 'pjField', 3, 'title', 'Import failed because file cannot be open.', 'plugin'),
(459, 607, 'pjField', 1, 'title', 'Import / Export', 'plugin'),
(460, 607, 'pjField', 2, 'title', 'Import / Export', 'plugin'),
(461, 607, 'pjField', 3, 'title', 'Import / Export', 'plugin'),
(462, 608, 'pjField', 1, 'title', 'Import', 'plugin'),
(463, 608, 'pjField', 2, 'title', 'Import', 'plugin'),
(464, 608, 'pjField', 3, 'title', 'Import', 'plugin'),
(465, 609, 'pjField', 1, 'title', 'Export', 'plugin'),
(466, 609, 'pjField', 2, 'title', 'Export', 'plugin'),
(467, 609, 'pjField', 3, 'title', 'Export', 'plugin'),
(468, 610, 'pjField', 1, 'title', 'Language', 'plugin'),
(469, 610, 'pjField', 2, 'title', 'Language', 'plugin'),
(470, 610, 'pjField', 3, 'title', 'Language', 'plugin'),
(471, 611, 'pjField', 1, 'title', 'Browse your computer', 'plugin'),
(472, 611, 'pjField', 2, 'title', 'Browse your computer', 'plugin'),
(473, 611, 'pjField', 3, 'title', 'Browse your computer', 'plugin'),
(474, 612, 'pjField', 1, 'title', 'Import / Export', 'plugin'),
(475, 612, 'pjField', 2, 'title', 'Import / Export', 'plugin'),
(476, 612, 'pjField', 3, 'title', 'Import / Export', 'plugin'),
(477, 613, 'pjField', 1, 'title', 'Use form below to Import or Export CSV with all titles. Please, do not change first row and first and second column in the CSV file.', 'plugin'),
(478, 613, 'pjField', 2, 'title', 'Use form below to Import or Export CSV with all titles. Please, do not change first row and first and second column in the CSV file.', 'plugin'),
(479, 613, 'pjField', 3, 'title', 'Use form below to Import or Export CSV with all titles. Please, do not change first row and first and second column in the CSV file.', 'plugin'),
(480, 614, 'pjField', 1, 'title', 'Delimiter', 'plugin'),
(481, 614, 'pjField', 2, 'title', 'Delimiter', 'plugin'),
(482, 614, 'pjField', 3, 'title', 'Delimiter', 'plugin'),
(483, 615, 'pjField', 1, 'title', 'Comma', 'plugin'),
(484, 615, 'pjField', 2, 'title', 'Comma', 'plugin'),
(485, 615, 'pjField', 3, 'title', 'Comma', 'plugin'),
(486, 616, 'pjField', 1, 'title', 'Semicolon', 'plugin'),
(487, 616, 'pjField', 2, 'title', 'Semicolon', 'plugin'),
(488, 616, 'pjField', 3, 'title', 'Semicolon', 'plugin'),
(489, 617, 'pjField', 1, 'title', 'Tab', 'plugin'),
(490, 617, 'pjField', 2, 'title', 'Tab', 'plugin'),
(491, 617, 'pjField', 3, 'title', 'Tab', 'plugin'),
(492, 618, 'pjField', 1, 'title', 'The following languages have been found. Select those you want to import.', 'plugin'),
(493, 618, 'pjField', 2, 'title', 'The following languages have been found. Select those you want to import.', 'plugin'),
(494, 618, 'pjField', 3, 'title', 'The following languages have been found. Select those you want to import.', 'plugin'),
(495, 619, 'pjField', 1, 'title', 'Import confirmation', 'plugin'),
(496, 619, 'pjField', 2, 'title', 'Import confirmation', 'plugin'),
(497, 619, 'pjField', 3, 'title', 'Import confirmation', 'plugin'),
(498, 620, 'pjField', 1, 'title', 'Import failed', 'plugin'),
(499, 620, 'pjField', 2, 'title', 'Import failed', 'plugin'),
(500, 620, 'pjField', 3, 'title', 'Import failed', 'plugin'),
(501, 621, 'pjField', 1, 'title', 'Missing, empty or invalid parameters.', 'plugin'),
(502, 621, 'pjField', 2, 'title', 'Missing, empty or invalid parameters.', 'plugin'),
(503, 621, 'pjField', 3, 'title', 'Missing, empty or invalid parameters.', 'plugin'),
(504, 622, 'pjField', 1, 'title', 'Import failed', 'plugin'),
(505, 622, 'pjField', 2, 'title', 'Import failed', 'plugin'),
(506, 622, 'pjField', 3, 'title', 'Import failed', 'plugin'),
(507, 623, 'pjField', 1, 'title', 'File have not been uploaded.', 'plugin'),
(508, 623, 'pjField', 2, 'title', 'File have not been uploaded.', 'plugin'),
(509, 623, 'pjField', 3, 'title', 'File have not been uploaded.', 'plugin'),
(510, 624, 'pjField', 1, 'title', 'Import failed', 'plugin'),
(511, 624, 'pjField', 2, 'title', 'Import failed', 'plugin'),
(512, 624, 'pjField', 3, 'title', 'Import failed', 'plugin'),
(513, 625, 'pjField', 1, 'title', 'Uploaded file cannot open for reading.', 'plugin'),
(514, 625, 'pjField', 2, 'title', 'Uploaded file cannot open for reading.', 'plugin'),
(515, 625, 'pjField', 3, 'title', 'Uploaded file cannot open for reading.', 'plugin'),
(516, 626, 'pjField', 1, 'title', 'Import failed', 'plugin'),
(517, 626, 'pjField', 2, 'title', 'Import failed', 'plugin'),
(518, 626, 'pjField', 3, 'title', 'Import failed', 'plugin'),
(519, 627, 'pjField', 1, 'title', 'New line(s) have been found.', 'plugin'),
(520, 627, 'pjField', 2, 'title', 'New line(s) have been found.', 'plugin'),
(521, 627, 'pjField', 3, 'title', 'New line(s) have been found.', 'plugin'),
(522, 628, 'pjField', 1, 'title', 'Import failed', 'plugin'),
(523, 628, 'pjField', 2, 'title', 'Import failed', 'plugin'),
(524, 628, 'pjField', 3, 'title', 'Import failed', 'plugin'),
(525, 629, 'pjField', 1, 'title', 'Uploaded file doesn\'t contain the necessary columns.', 'plugin'),
(526, 629, 'pjField', 2, 'title', 'Uploaded file doesn\'t contain the necessary columns.', 'plugin'),
(527, 629, 'pjField', 3, 'title', 'Uploaded file doesn\'t contain the necessary columns.', 'plugin'),
(528, 630, 'pjField', 1, 'title', 'Import failed', 'plugin'),
(529, 630, 'pjField', 2, 'title', 'Import failed', 'plugin'),
(530, 630, 'pjField', 3, 'title', 'Import failed', 'plugin'),
(531, 631, 'pjField', 1, 'title', 'Number of columns are not equal on every row.', 'plugin'),
(532, 631, 'pjField', 2, 'title', 'Number of columns are not equal on every row.', 'plugin'),
(533, 631, 'pjField', 3, 'title', 'Number of columns are not equal on every row.', 'plugin'),
(534, 632, 'pjField', 1, 'title', 'Import failed', 'plugin'),
(535, 632, 'pjField', 2, 'title', 'Import failed', 'plugin'),
(536, 632, 'pjField', 3, 'title', 'Import failed', 'plugin'),
(537, 633, 'pjField', 1, 'title', 'Invalid data found.', 'plugin'),
(538, 633, 'pjField', 2, 'title', 'Invalid data found.', 'plugin'),
(539, 633, 'pjField', 3, 'title', 'Invalid data found.', 'plugin'),
(540, 634, 'pjField', 1, 'title', 'Import failed', 'plugin'),
(541, 634, 'pjField', 2, 'title', 'Import failed', 'plugin'),
(542, 634, 'pjField', 3, 'title', 'Import failed', 'plugin'),
(543, 635, 'pjField', 1, 'title', 'Missing columns.', 'plugin'),
(544, 635, 'pjField', 2, 'title', 'Missing columns.', 'plugin'),
(545, 635, 'pjField', 3, 'title', 'Missing columns.', 'plugin'),
(546, 636, 'pjField', 1, 'title', 'Import failed', 'plugin'),
(547, 636, 'pjField', 2, 'title', 'Import failed', 'plugin'),
(548, 636, 'pjField', 3, 'title', 'Import failed', 'plugin'),
(549, 637, 'pjField', 1, 'title', 'Invalid data found.', 'plugin'),
(550, 637, 'pjField', 2, 'title', 'Invalid data found.', 'plugin'),
(551, 637, 'pjField', 3, 'title', 'Invalid data found.', 'plugin'),
(552, 638, 'pjField', 1, 'title', 'ID:', 'plugin'),
(553, 638, 'pjField', 2, 'title', 'ID:', 'plugin'),
(554, 638, 'pjField', 3, 'title', 'ID:', 'plugin'),
(555, 639, 'pjField', 1, 'title', 'Show IDs', 'plugin'),
(556, 639, 'pjField', 2, 'title', 'Show IDs', 'plugin'),
(557, 639, 'pjField', 3, 'title', 'Show IDs', 'plugin'),
(558, 640, 'pjField', 1, 'title', 'Show IDs', 'plugin'),
(559, 640, 'pjField', 2, 'title', 'Show IDs', 'plugin'),
(560, 640, 'pjField', 3, 'title', 'Show IDs', 'plugin'),
(561, 641, 'pjField', 1, 'title', 'ID will be displayed next to each text found in the software. You can then search for an ID to easily change or translate the text.', 'plugin'),
(562, 641, 'pjField', 2, 'title', 'ID will be displayed next to each text found in the software. You can then search for an ID to easily change or translate the text', 'plugin'),
(563, 641, 'pjField', 3, 'title', 'ID will be displayed next to each text found in the software. You can then search for an ID to easily change or translate the text', 'plugin'),
(564, 642, 'pjField', 1, 'title', 'Confirm', 'plugin'),
(565, 642, 'pjField', 2, 'title', 'Confirm', 'plugin'),
(566, 642, 'pjField', 3, 'title', 'Confirm', 'plugin'),
(567, 643, 'pjField', 1, 'title', 'Cancel', 'plugin'),
(568, 643, 'pjField', 2, 'title', 'Cancel', 'plugin'),
(569, 643, 'pjField', 3, 'title', 'Cancel', 'plugin'),
(570, 644, 'pjField', 1, 'title', 'default', 'plugin'),
(571, 644, 'pjField', 2, 'title', 'default', 'plugin'),
(572, 644, 'pjField', 3, 'title', 'default', 'plugin'),
(573, 645, 'pjField', 1, 'title', 'Backup', 'plugin'),
(574, 645, 'pjField', 2, 'title', 'Backup', 'plugin'),
(575, 645, 'pjField', 3, 'title', 'Backup', 'plugin'),
(576, 646, 'pjField', 1, 'title', 'Backup complete!', 'plugin'),
(577, 646, 'pjField', 2, 'title', 'Backup complete!', 'plugin'),
(578, 646, 'pjField', 3, 'title', 'Backup complete!', 'plugin'),
(579, 647, 'pjField', 1, 'title', 'Backup failed!', 'plugin'),
(580, 647, 'pjField', 2, 'title', 'Backup failed!', 'plugin'),
(581, 647, 'pjField', 3, 'title', 'Backup failed!', 'plugin'),
(582, 648, 'pjField', 1, 'title', 'Backup failed!', 'plugin'),
(583, 648, 'pjField', 2, 'title', 'Backup failed!', 'plugin'),
(584, 648, 'pjField', 3, 'title', 'Backup failed!', 'plugin'),
(585, 649, 'pjField', 1, 'title', 'We recommend you to regularly back up your database and files to prevent any loss of information.', 'plugin'),
(586, 649, 'pjField', 2, 'title', 'We recommend you to regularly back up your database and files to prevent any loss of information.', 'plugin'),
(587, 649, 'pjField', 3, 'title', 'We recommend you to regularly back up your database and files to prevent any loss of information.', 'plugin'),
(588, 650, 'pjField', 1, 'title', 'All backup files have been saved.', 'plugin'),
(589, 650, 'pjField', 2, 'title', 'All backup files have been saved.', 'plugin'),
(590, 650, 'pjField', 3, 'title', 'All backup files have been saved.', 'plugin'),
(591, 651, 'pjField', 1, 'title', 'No option was selected.', 'plugin'),
(592, 651, 'pjField', 2, 'title', 'No option was selected.', 'plugin'),
(593, 651, 'pjField', 3, 'title', 'No option was selected.', 'plugin'),
(594, 652, 'pjField', 1, 'title', 'Backup not performed.', 'plugin'),
(595, 652, 'pjField', 2, 'title', 'Backup not performed.', 'plugin'),
(596, 652, 'pjField', 3, 'title', 'Backup not performed.', 'plugin'),
(597, 653, 'pjField', 1, 'title', 'Backup', 'plugin'),
(598, 653, 'pjField', 2, 'title', 'Backup', 'plugin'),
(599, 653, 'pjField', 3, 'title', 'Backup', 'plugin'),
(600, 654, 'pjField', 1, 'title', 'Backup database', 'plugin'),
(601, 654, 'pjField', 2, 'title', 'Backup database', 'plugin'),
(602, 654, 'pjField', 3, 'title', 'Backup database', 'plugin'),
(603, 655, 'pjField', 1, 'title', 'Backup files', 'plugin'),
(604, 655, 'pjField', 2, 'title', 'Backup files', 'plugin'),
(605, 655, 'pjField', 3, 'title', 'Backup files', 'plugin'),
(606, 656, 'pjField', 1, 'title', 'Backup', 'plugin'),
(607, 656, 'pjField', 2, 'title', 'Backup', 'plugin'),
(608, 656, 'pjField', 3, 'title', 'Backup', 'plugin'),
(609, 657, 'pjField', 1, 'title', 'Backup failed!', 'plugin'),
(610, 657, 'pjField', 2, 'title', 'Backup failed!', 'plugin'),
(611, 657, 'pjField', 3, 'title', 'Backup failed!', 'plugin'),
(612, 658, 'pjField', 1, 'title', 'Backup folder not found. Please ensure that \"app/web/backup\" folder exists.', 'plugin'),
(613, 658, 'pjField', 2, 'title', 'Backup folder not found. Please ensure that \"app/web/backup\" folder exists.', 'plugin'),
(614, 658, 'pjField', 3, 'title', 'Backup folder not found. Please ensure that \"app/web/backup\" folder exists.', 'plugin'),
(615, 659, 'pjField', 1, 'title', 'Backup failed!', 'plugin'),
(616, 659, 'pjField', 2, 'title', 'Backup failed!', 'plugin'),
(617, 659, 'pjField', 3, 'title', 'Backup failed!', 'plugin'),
(618, 660, 'pjField', 1, 'title', 'You need to set write permissions (chmod 777) to \"app/web/backup\" folder.', 'plugin'),
(619, 660, 'pjField', 2, 'title', 'You need to set write permissions (chmod 777) to \"app/web/backup\" folder.', 'plugin'),
(620, 660, 'pjField', 3, 'title', 'You need to set write permissions (chmod 777) to \"app/web/backup\" folder.', 'plugin'),
(621, 661, 'pjField', 1, 'title', 'Log', 'plugin'),
(622, 661, 'pjField', 2, 'title', 'Log', 'plugin'),
(623, 661, 'pjField', 3, 'title', 'Log', 'plugin'),
(624, 662, 'pjField', 1, 'title', 'Config log', 'plugin'),
(625, 662, 'pjField', 2, 'title', 'Config log', 'plugin'),
(626, 662, 'pjField', 3, 'title', 'Config log', 'plugin'),
(627, 663, 'pjField', 1, 'title', 'Empty log', 'plugin'),
(628, 663, 'pjField', 2, 'title', 'Empty log', 'plugin'),
(629, 663, 'pjField', 3, 'title', 'Empty log', 'plugin'),
(630, 664, 'pjField', 1, 'title', 'Config log updated.', 'plugin'),
(631, 664, 'pjField', 2, 'title', 'Config log updated.', 'plugin'),
(632, 664, 'pjField', 3, 'title', 'Config log updated.', 'plugin'),
(633, 665, 'pjField', 1, 'title', 'The config log have been updated.', 'plugin'),
(634, 665, 'pjField', 2, 'title', 'The config log have been updated.', 'plugin'),
(635, 665, 'pjField', 3, 'title', 'The config log have been updated.', 'plugin'),
(636, 666, 'pjField', 1, 'title', 'List', 'plugin'),
(637, 666, 'pjField', 2, 'title', 'List', 'plugin'),
(638, 666, 'pjField', 3, 'title', 'List', 'plugin'),
(639, 667, 'pjField', 1, 'title', '+ Add', 'plugin'),
(640, 667, 'pjField', 2, 'title', '+ Add', 'plugin'),
(641, 667, 'pjField', 3, 'title', '+ Add', 'plugin'),
(642, 668, 'pjField', 1, 'title', 'Information', 'plugin'),
(643, 668, 'pjField', 2, 'title', 'Information', 'plugin'),
(644, 668, 'pjField', 3, 'title', 'Information', 'plugin'),
(645, 669, 'pjField', 1, 'title', 'Please, note that after changing the scripts in the list below you will need to refresh the page to apply the new updates in the \"One admiN\" menu.', 'plugin'),
(646, 669, 'pjField', 2, 'title', 'Please, note that after changing the scripts in the list below you will need to refresh the page to apply the new updates in the \"One admiN\" menu.', 'plugin'),
(647, 669, 'pjField', 3, 'title', 'Please, note that after changing the scripts in the list below you will need to refresh the page to apply the new updates in the \"One admiN\" menu.', 'plugin'),
(648, 670, 'pjField', 1, 'title', 'File not found', 'script'),
(649, 670, 'pjField', 2, 'title', 'File not found', 'script'),
(650, 670, 'pjField', 3, 'title', 'File not found', 'script'),
(651, 671, 'pjField', 1, 'title', 'Link or url is not allowed in form fields.', 'script'),
(652, 671, 'pjField', 2, 'title', 'Link or url is not allowed in form fields.', 'script'),
(653, 671, 'pjField', 3, 'title', 'Link or url is not allowed in form fields.', 'script'),
(654, 672, 'pjField', 1, 'title', 'Message blocked due to banned words used.', 'script'),
(655, 672, 'pjField', 2, 'title', 'Message blocked due to banned words used.', 'script'),
(656, 672, 'pjField', 3, 'title', 'Message blocked due to banned words used.', 'script'),
(657, 673, 'pjField', 1, 'title', 'You will be redirected in few seconds...', 'script'),
(658, 673, 'pjField', 2, 'title', 'You will be redirected in few seconds...', 'script'),
(659, 673, 'pjField', 3, 'title', 'You will be redirected in few seconds...', 'script'),
(660, 674, 'pjField', 1, 'title', 'Last submission', 'script'),
(661, 674, 'pjField', 2, 'title', 'Last submission', 'script'),
(662, 674, 'pjField', 3, 'title', 'Last submission', 'script'),
(663, 675, 'pjField', 1, 'title', 'Javascript', 'script'),
(664, 675, 'pjField', 2, 'title', 'Javascript', 'script'),
(665, 675, 'pjField', 3, 'title', 'Javascript', 'script'),
(666, 676, 'pjField', 1, 'title', 'Form source code', 'script'),
(667, 676, 'pjField', 2, 'title', 'Form source code', 'script'),
(668, 676, 'pjField', 3, 'title', 'Form source code', 'script'),
(669, 677, 'pjField', 1, 'title', 'Preview', 'script'),
(670, 677, 'pjField', 2, 'title', 'Preview', 'script'),
(671, 677, 'pjField', 3, 'title', 'Preview', 'script'),
(672, 678, 'pjField', 1, 'title', 'Date time', 'script'),
(673, 678, 'pjField', 2, 'title', 'Date time', 'script'),
(674, 678, 'pjField', 3, 'title', 'Date time', 'script'),
(675, 679, 'pjField', 1, 'title', 'Filter by form', 'script'),
(676, 679, 'pjField', 2, 'title', 'Filter by form', 'script'),
(677, 679, 'pjField', 3, 'title', 'Filter by form', 'script'),
(678, 680, 'pjField', 1, 'title', 'Users', 'script'),
(679, 680, 'pjField', 2, 'title', 'Users', 'script'),
(680, 680, 'pjField', 3, 'title', 'Users', 'script'),
(681, 681, 'pjField', 1, 'title', 'Below you can see users who have access to the Contact Form Generator administration pages. There are two types of users Administrators and Editors only. Click on \"+ Add user\" button to add a new user.', 'script'),
(682, 681, 'pjField', 2, 'title', 'Below you can see users who have access to the Contact Form Generator administration pages. There are two types of users Administrators and Editors only. Click on \"+ Add user\" button to add a new user.', 'script');
INSERT INTO `contactform_multi_lang` (`id`, `foreign_id`, `model`, `locale`, `field`, `content`, `source`) VALUES
(683, 681, 'pjField', 3, 'title', 'Below you can see users who have access to the Contact Form Generator administration pages. There are two types of users Administrators and Editors only. Click on \"+ Add user\" button to add a new user.', 'script'),
(684, 682, 'pjField', 1, 'title', '+ Add user', 'script'),
(685, 682, 'pjField', 2, 'title', '+ Add user', 'script'),
(686, 682, 'pjField', 3, 'title', '+ Add user', 'script'),
(687, 683, 'pjField', 1, 'title', 'Add user', 'script'),
(688, 683, 'pjField', 2, 'title', 'Add user', 'script'),
(689, 683, 'pjField', 3, 'title', 'Add user', 'script'),
(690, 684, 'pjField', 1, 'title', 'You can add administrator user who has full access to administration page or add an editor user who will only be able to view form submissions and will not be able to modify options, forms, other users.', 'script'),
(691, 684, 'pjField', 2, 'title', 'You can add administrator user who has full access to administration page or add an editor user who will only be able to view form submissions and will not be able to modify options, forms, other users.', 'script'),
(692, 684, 'pjField', 3, 'title', 'You can add administrator user who has full access to administration page or add an editor user who will only be able to view form submissions and will not be able to modify options, forms, other users.', 'script'),
(693, 685, 'pjField', 1, 'title', 'Update user', 'script'),
(694, 685, 'pjField', 2, 'title', 'Update user', 'script'),
(695, 685, 'pjField', 3, 'title', 'Update user', 'script'),
(696, 686, 'pjField', 1, 'title', 'You can make any change on the form below and click \"Save\" button to update user information.', 'script'),
(697, 686, 'pjField', 2, 'title', 'You can make any change on the form below and click \"Save\" button to update user information.', 'script'),
(698, 686, 'pjField', 3, 'title', 'You can make any change on the form below and click \"Save\" button to update user information.', 'script'),
(699, 687, 'pjField', 1, 'title', 'Form not found', 'script'),
(700, 687, 'pjField', 2, 'title', 'Form not found', 'script'),
(701, 687, 'pjField', 3, 'title', 'Form not found', 'script'),
(702, 688, 'pjField', 1, 'title', 'No records selected', 'script'),
(703, 688, 'pjField', 2, 'title', 'No records selected', 'script'),
(704, 688, 'pjField', 3, 'title', 'No records selected', 'script'),
(705, 689, 'pjField', 1, 'title', 'You need to select at least a single record.', 'script'),
(706, 689, 'pjField', 2, 'title', 'You need to select at least a single record.', 'script'),
(707, 689, 'pjField', 3, 'title', 'You need to select at least a single record.', 'script'),
(708, 690, 'pjField', 1, 'title', 'Date / Time', 'script'),
(709, 690, 'pjField', 2, 'title', 'Date / Time', 'script'),
(710, 690, 'pjField', 3, 'title', 'Date / Time', 'script'),
(711, 691, 'pjField', 1, 'title', 'Button background color', 'script'),
(712, 691, 'pjField', 2, 'title', 'Button background color', 'script'),
(713, 691, 'pjField', 3, 'title', 'Button background color', 'script'),
(714, 692, 'pjField', 1, 'title', 'Button border color', 'script'),
(715, 692, 'pjField', 2, 'title', 'Button border color', 'script'),
(716, 692, 'pjField', 3, 'title', 'Button border color', 'script'),
(717, 693, 'pjField', 1, 'title', 'Button hover background color', 'script'),
(718, 693, 'pjField', 2, 'title', 'Button hover background color', 'script'),
(719, 693, 'pjField', 3, 'title', 'Button hover background color', 'script'),
(720, 694, 'pjField', 1, 'title', 'Button hover border color', 'script'),
(721, 694, 'pjField', 2, 'title', 'Button hover border color', 'script'),
(722, 694, 'pjField', 3, 'title', 'Button hover border color', 'script'),
(723, 695, 'pjField', 1, 'title', 'Heading', 'script'),
(724, 695, 'pjField', 2, 'title', 'Heading', 'script'),
(725, 695, 'pjField', 3, 'title', 'Heading', 'script'),
(726, 696, 'pjField', 1, 'title', 'Text Box', 'script'),
(727, 696, 'pjField', 2, 'title', 'Text Box', 'script'),
(728, 696, 'pjField', 3, 'title', 'Text Box', 'script'),
(729, 697, 'pjField', 1, 'title', 'Email', 'script'),
(730, 697, 'pjField', 2, 'title', 'Email', 'script'),
(731, 697, 'pjField', 3, 'title', 'Email', 'script'),
(732, 698, 'pjField', 1, 'title', 'Text Area', 'script'),
(733, 698, 'pjField', 2, 'title', 'Text Area', 'script'),
(734, 698, 'pjField', 3, 'title', 'Text Area', 'script'),
(735, 699, 'pjField', 1, 'title', 'Drop Down', 'script'),
(736, 699, 'pjField', 2, 'title', 'Drop Down', 'script'),
(737, 699, 'pjField', 3, 'title', 'Drop Down', 'script'),
(738, 700, 'pjField', 1, 'title', 'Radio Button', 'script'),
(739, 700, 'pjField', 2, 'title', 'Radio Button', 'script'),
(740, 700, 'pjField', 3, 'title', 'Radio Button', 'script'),
(741, 701, 'pjField', 1, 'title', 'Check Box', 'script'),
(742, 701, 'pjField', 2, 'title', 'Check Box', 'script'),
(743, 701, 'pjField', 3, 'title', 'Check Box', 'script'),
(744, 702, 'pjField', 1, 'title', 'File Upload', 'script'),
(745, 702, 'pjField', 2, 'title', 'File Upload', 'script'),
(746, 702, 'pjField', 3, 'title', 'File Upload', 'script'),
(747, 703, 'pjField', 1, 'title', 'Date Picker', 'script'),
(748, 703, 'pjField', 2, 'title', 'Date Picker', 'script'),
(749, 703, 'pjField', 3, 'title', 'Date Picker', 'script'),
(750, 704, 'pjField', 1, 'title', 'Captcha', 'script'),
(751, 704, 'pjField', 2, 'title', 'Captcha', 'script'),
(752, 704, 'pjField', 3, 'title', 'Captcha', 'script'),
(753, 705, 'pjField', 1, 'title', 'Submit Button', 'script'),
(754, 705, 'pjField', 2, 'title', 'Submit Button', 'script'),
(755, 705, 'pjField', 3, 'title', 'Submit Button', 'script'),
(756, 706, 'pjField', 1, 'title', 'Width (%)', 'script'),
(757, 706, 'pjField', 2, 'title', 'Width (%)', 'script'),
(758, 706, 'pjField', 3, 'title', 'Width (%)', 'script'),
(759, 707, 'pjField', 1, 'title', 'Height (px)', 'script'),
(760, 707, 'pjField', 2, 'title', 'Height (px)', 'script'),
(761, 707, 'pjField', 3, 'title', 'Height (px)', 'script');

-- --------------------------------------------------------

--
-- Table structure for table `contactform_options`
--

CREATE TABLE `contactform_options` (
  `foreign_id` int(10) UNSIGNED NOT NULL DEFAULT '0',
  `key` varchar(255) NOT NULL DEFAULT '',
  `tab_id` tinyint(3) UNSIGNED DEFAULT NULL,
  `value` text,
  `label` text,
  `type` enum('string','text','int','float','enum','bool') NOT NULL DEFAULT 'string',
  `order` int(10) UNSIGNED DEFAULT NULL,
  `is_visible` tinyint(1) UNSIGNED DEFAULT '1',
  `style` varchar(500) DEFAULT NULL
) ENGINE=InnoDB DEFAULT CHARSET=utf8;

--
-- Dumping data for table `contactform_options`
--

INSERT INTO `contactform_options` (`foreign_id`, `key`, `tab_id`, `value`, `label`, `type`, `order`, `is_visible`, `style`) VALUES
(1, 'o_date_format', 1, 'd.m.Y|m.d.Y|Y.m.d|j.n.Y|n.j.Y|Y.n.j|d/m/Y|m/d/Y|Y/m/d|j/n/Y|n/j/Y|Y/n/j|d-m-Y|m-d-Y|Y-m-d|j-n-Y|n-j-Y|Y-n-j::d-m-Y', 'd.m.Y (25.09.2012)|m.d.Y (09.25.2012)|Y.m.d (2012.09.25)|j.n.Y (25.9.2012)|n.j.Y (9.25.2012)|Y.n.j (2012.9.25)|d/m/Y (25/09/2012)|m/d/Y (09/25/2012)|Y/m/d (2012/09/25)|j/n/Y (25/9/2012)|n/j/Y (9/25/2012)|Y/n/j (2012/9/25)|d-m-Y (25-09-2012)|m-d-Y (09-25-2012)|Y-m-d (2012-09-25)|j-n-Y (25-9-2012)|n-j-Y (9-25-2012)|Y-n-j (2012-9-25)', 'enum', 1, 1, NULL),
(1, 'o_fields_index', 99, 'd874fcc5fe73b90d770a544664a3775d', NULL, 'string', NULL, 0, NULL),
(1, 'o_multi_lang', 99, '1|0::0', NULL, 'enum', NULL, 0, NULL),
(1, 'o_send_email', 1, 'mail|smtp::mail', 'PHP mail()|SMTP', 'enum', 4, 1, NULL),
(1, 'o_smtp_host', 1, NULL, NULL, 'string', 5, 1, NULL),
(1, 'o_smtp_pass', 1, NULL, NULL, 'string', 6, 1, NULL),
(1, 'o_smtp_port', 1, '25', NULL, 'int', 7, 1, NULL),
(1, 'o_smtp_user', 1, NULL, NULL, 'string', 8, 1, NULL),
(1, 'o_time_format', 1, 'H:i|G:i|h:i|h:i a|h:i A|g:i|g:i a|g:i A::H:i', 'H:i (09:45)|G:i (9:45)|h:i (09:45)|h:i a (09:45 am)|h:i A (09:45 AM)|g:i (9:45)|g:i a (9:45 am)|g:i A (9:45 AM)', 'enum', 2, 1, NULL),
(1, 'o_update_2014_11_27_07_19_54.sql_936680dc7475316783d742d38d52af02', 99, '2017-10-26 19:47:09', NULL, 'string', NULL, 1, NULL),
(1, 'o_update_2015_01_29_11_10_48.sql_b0e0fde6d5859f82e9c38074ddf39e46', 99, '2017-10-26 19:47:09', NULL, 'string', NULL, 1, NULL),
(1, 'o_update_2015_03_20_10_10_35.sql_27fb6b74e2f6e1313bfeac365c941cf9', 99, '2017-10-26 19:47:09', NULL, 'string', NULL, 1, NULL),
(1, 'o_update_2015_04_06_14_45_32.sql_8f728751590ee36326cc31994c3163aa', 99, '2017-10-26 19:47:08', NULL, 'string', NULL, 1, NULL),
(1, 'o_update_2015_04_09_03_33_52.sql_51a950217cadb57b1a85d57150974666', 99, '2017-10-26 19:47:08', NULL, 'string', NULL, 1, NULL),
(1, 'o_update_2015_05_05_15_54_32.sql_81a6f32899a9dbd3094b4cb7122eb0ef', 99, '2017-10-26 19:47:09', NULL, 'string', NULL, 1, NULL),
(1, 'o_update_2015_05_12_11_27_24.sql_c74b7fc6b107be2b0c9fdb548a4225e9', 99, '2017-10-26 19:47:09', NULL, 'string', NULL, 1, NULL),
(1, 'o_update_2015_05_14_09_27_25.sql_1e010d0fae27957dd99da8068ce8c672', 99, '2017-10-26 19:47:09', NULL, 'string', NULL, 1, NULL),
(1, 'o_update_2015_05_18_05_26_35.sql_45ea5033618f7759cb6065949beacad2', 99, '2017-10-26 19:47:09', NULL, 'string', NULL, 1, NULL),
(1, 'o_update_2015_05_19_06_45_56.sql_0030961921fa6846d38a4c4651dea181', 99, '2017-10-26 19:47:09', NULL, 'string', NULL, 1, NULL),
(1, 'o_update_2015_05_21_08_57_49.sql_39b38521ac538ccfb6cc4a6473d5d690', 99, '2017-10-26 19:47:09', NULL, 'string', NULL, 1, NULL),
(1, 'o_update_2015_06_26_03_57_47.sql_0675617381c02729ef2700b0f31ec50d', 99, '2017-10-26 19:47:09', NULL, 'string', NULL, 1, NULL),
(1, 'o_update_2015_06_26_05_29_04.sql_ab6498d931054a64f9263c1d4aacdc82', 99, '2017-10-26 19:47:09', NULL, 'string', NULL, 1, NULL),
(1, 'o_update_2015_07_20_11_10_39.sql_fa800deff5d7c57cb1a1761ce5949cae', 99, '2017-10-26 19:47:09', NULL, 'string', NULL, 1, NULL),
(1, 'o_week_start', 1, '0|1|2|3|4|5|6::1', 'Sunday|Monday|Tuesday|Wednesday|Thursday|Friday|Saturday', 'enum', 3, 1, NULL),
(1, 'private_key', 99, 'kYduRiNRRiVFEImNcMFhhMRgN40G9S65CxSPmoBmECia6niY9WBBfwMRtC+Hzbqe2BMdQlg8mFF88UssOIPhp47vVtJU2LwqF6rNa2qsdqRNtLjzdAxSyF3yTv1lsTnBWTtxD/npp6vmAqbEpwEeBCOQwkz+sFur8qplssY41L50Y9OgvaPnDUot4TsThEA8e0r2CnEy0Xj4775uZjeEzSZbLlZKFqdIenYB4Rku3NhDBxickGcyieJ2VwmUTyq8sUtmp76ESQEJwE1tus8KsItsF8yyeO6diKBdKnePz+78xvvgDtQvaE7e7f4C1aW9Ea+BvdjUacMytRR/WPJpdg==', NULL, 'string', NULL, 1, 'string');

-- --------------------------------------------------------

--
-- Table structure for table `contactform_plugin_locale`
--

CREATE TABLE `contactform_plugin_locale` (
  `id` int(10) UNSIGNED NOT NULL,
  `language_iso` varchar(2) DEFAULT NULL,
  `sort` int(10) UNSIGNED DEFAULT NULL,
  `is_default` tinyint(1) UNSIGNED DEFAULT '0'
) ENGINE=InnoDB DEFAULT CHARSET=utf8;

--
-- Dumping data for table `contactform_plugin_locale`
--

INSERT INTO `contactform_plugin_locale` (`id`, `language_iso`, `sort`, `is_default`) VALUES
(1, 'gb', 1, 1),
(2, 'nl', 3, 0),
(3, 'es', 2, 0);

-- --------------------------------------------------------

--
-- Table structure for table `contactform_plugin_locale_languages`
--

CREATE TABLE `contactform_plugin_locale_languages` (
  `iso` varchar(2) NOT NULL DEFAULT '',
  `title` varchar(255) DEFAULT NULL,
  `file` varchar(255) DEFAULT NULL
) ENGINE=InnoDB DEFAULT CHARSET=utf8;

--
-- Dumping data for table `contactform_plugin_locale_languages`
--

INSERT INTO `contactform_plugin_locale_languages` (`iso`, `title`, `file`) VALUES
('aa', 'Afar', NULL),
('ab', 'Abkhazian', NULL),
('ae', 'Avestan', 'ae.png'),
('af', 'Afrikaans', 'af.png'),
('ak', 'Akan', NULL),
('am', 'Amharic', 'am.png'),
('an', 'Aragonese', 'an.png'),
('as', 'Assamese', 'as.png'),
('av', 'Avaric', NULL),
('ay', 'Aymara', NULL),
('ba', 'Bashkir', 'ba.png'),
('be', 'Belarusian', 'be.png'),
('bg', 'Bulgarian', 'bg.png'),
('bh', 'Bihari', 'bh.png'),
('bi', 'Bislama', 'bi.png'),
('bm', 'Bambara', 'bm.png'),
('bn', 'Bengali', 'bn.png'),
('bo', 'Tibetan', 'bo.png'),
('br', 'Breton', 'br.png'),
('bs', 'Bosnian', 'bs.png'),
('ca', 'Catalan', 'catalonia.png'),
('ce', 'Chechen', NULL),
('ch', 'Chamorro', 'ch.png'),
('co', 'Corsican', 'co.png'),
('cr', 'Cree', 'cr.png'),
('cs', 'Czech', 'cz.png'),
('cu', 'Church Slavic', 'cu.png'),
('cv', 'Chuvash', 'cv.png'),
('cy', 'Welsh', 'cy.png'),
('da', 'Danish', 'dk.png'),
('de', 'German', 'de.png'),
('dz', 'Dzongkha', 'dz.png'),
('ee', 'Ewe', 'ee.png'),
('el', 'Greek', 'gr.png'),
('eo', 'Esperanto', NULL),
('es', 'Spanish', 'es.png'),
('et', 'Estonian', 'et.png'),
('eu', 'Basque', 'eu.png'),
('ff', 'Fulah', NULL),
('fi', 'Finnish', 'fi.png'),
('fj', 'Fijian', 'fj.png'),
('fo', 'Faroese', 'fo.png'),
('fr', 'French', 'fr.png'),
('fy', 'Western Frisian', NULL),
('ga', 'Irish', 'ga.png'),
('gb', 'English - UK', 'gb.png'),
('gd', 'Scottish Gaelic', 'gd.png'),
('gl', 'Galician', 'gl.png'),
('gn', 'Guarani', 'gn.png'),
('gu', 'Gujarati', 'gu.png'),
('gv', 'Manx', NULL),
('ha', 'Hausa', NULL),
('hi', 'Hindi', NULL),
('ho', 'Hiri Motu', NULL),
('hr', 'Croatian', 'hr.png'),
('ht', 'Haitian', 'ht.png'),
('hu', 'Hungarian', 'hu.png'),
('hy', 'Armenian', NULL),
('hz', 'Herero', NULL),
('ia', 'Interlingua (International Auxiliary Language Association)', NULL),
('id', 'Indonesian', 'id.png'),
('ie', 'Interlingue', 'ie.png'),
('ig', 'Igbo', NULL),
('ii', 'Sichuan Yi', NULL),
('ik', 'Inupiaq', NULL),
('io', 'Ido', 'io.png'),
('is', 'Icelandic', 'is.png'),
('it', 'Italian', 'it.png'),
('iu', 'Inuktitut', NULL),
('ka', 'Georgian', NULL),
('kg', 'Kongo', 'kg.png'),
('ki', 'Kikuyu', 'ki.png'),
('kj', 'Kwanyama', NULL),
('kl', 'Kalaallisut', NULL),
('km', 'Khmer', 'km.png'),
('kn', 'Kannada', 'kn.png'),
('ko', 'Korean', NULL),
('kr', 'Kanuri', 'kr.png'),
('kv', 'Komi', NULL),
('kw', 'Cornish', 'kw.png'),
('ky', 'Kirghiz', 'ky.png'),
('la', 'Latin', 'la.png'),
('lb', 'Luxembourgish', 'lb.png'),
('lg', 'Ganda', NULL),
('li', 'Limburgish', 'li.png'),
('ln', 'Lingala', NULL),
('lo', 'Lao', NULL),
('lt', 'Lithuanian', 'lt.png'),
('lu', 'Luba-Katanga', 'lu.png'),
('lv', 'Latvian', 'lv.png'),
('mg', 'Malagasy', 'mg.png'),
('mh', 'Marshallese', 'mh.png'),
('mi', 'Maori', NULL),
('mk', 'Macedonian', 'mk.png'),
('mn', 'Mongolian', 'mn.png'),
('mr', 'Marathi', 'mr.png'),
('mt', 'Maltese', 'mt.png'),
('my', 'Burmese', 'my.png'),
('na', 'Nauru', 'na.png'),
('nb', 'Norwegian Bokmal', NULL),
('nd', 'North Ndebele', NULL),
('ne', 'Nepali', 'ne.png'),
('ng', 'English - Nigeria', 'ng.png'),
('nl', 'Dutch', 'nl.png'),
('nn', 'Norwegian Nynorsk', NULL),
('no', 'Norwegian', 'no.png'),
('nr', 'South Ndebele', 'nr.png'),
('nv', 'Navajo', NULL),
('ny', 'Chichewa', NULL),
('oc', 'Occitan', NULL),
('oj', 'Ojibwa', NULL),
('om', 'Oromo', 'om.png'),
('or', 'Oriya', NULL),
('os', 'Ossetian', NULL),
('pi', 'Pali', NULL),
('pl', 'Polish', 'pl.png'),
('pt', 'Portuguese', 'pt.png'),
('qu', 'Quechua', NULL),
('rm', 'Raeto-Romance', NULL),
('rn', 'Kirundi', NULL),
('ro', 'Romanian', 'ro.png'),
('ru', 'Russian', 'ru.png'),
('rw', 'Kinyarwanda', 'rw.png'),
('sa', 'Sanskrit', 'sa.png'),
('sc', 'Sardinian', 'sc.png'),
('se', 'Northern Sami', 'se.png'),
('sg', 'Sango', 'sg.png'),
('si', 'Sinhala', 'si.png'),
('sk', 'Slovak', 'sk.png'),
('sl', 'Slovenian', 'sl.png'),
('sm', 'Samoan', 'sm.png'),
('sn', 'Shona', 'sn.png'),
('sq', 'Albanian', 'al.png'),
('sr', 'Serbian', 'sr.png'),
('ss', 'Swati', NULL),
('st', 'Southern Sotho', 'st.png'),
('su', 'Sundanese', NULL),
('sv', 'Swedish', 'se.png'),
('sw', 'Swahili', NULL),
('ta', 'Tamil', NULL),
('te', 'Telugu', NULL),
('tg', 'Tajik', 'tg.png'),
('th', 'Thai', 'th.png'),
('ti', 'Tigrinya', NULL),
('tl', 'Tagalog', 'tl.png'),
('tn', 'Tswana', 'tn.png'),
('to', 'Tonga', 'to.png'),
('tr', 'Turkish', 'tr.png'),
('ts', 'Tsonga', NULL),
('tt', 'Tatar', 'tt.png'),
('tw', 'Twi', 'tw.png'),
('ty', 'Tahitian', NULL),
('uk', 'Ukrainian', NULL),
('us', 'English - USA', 'us.png'),
('uz', 'Uzbek', 'uz.png'),
('ve', 'Venda', 've.png'),
('vi', 'Vietnamese', 'vi.png'),
('vo', 'Volapuk', NULL),
('wa', 'Walloon', 'wa.png'),
('wo', 'Wolof', NULL),
('xh', 'Xhosa', NULL),
('yo', 'Yoruba', NULL),
('za', 'Zhuang', 'za.png'),
('zu', 'Zulu', NULL);

-- --------------------------------------------------------

--
-- Table structure for table `contactform_plugin_log`
--

CREATE TABLE `contactform_plugin_log` (
  `id` int(10) UNSIGNED NOT NULL,
  `filename` varchar(255) DEFAULT NULL,
  `function` varchar(255) DEFAULT NULL,
  `value` text,
  `created` datetime DEFAULT NULL
) ENGINE=InnoDB DEFAULT CHARSET=utf8;

-- --------------------------------------------------------

--
-- Table structure for table `contactform_plugin_log_config`
--

CREATE TABLE `contactform_plugin_log_config` (
  `id` int(10) UNSIGNED NOT NULL,
  `filename` varchar(255) DEFAULT NULL
) ENGINE=InnoDB DEFAULT CHARSET=utf8;

-- --------------------------------------------------------

--
-- Table structure for table `contactform_plugin_one_admin`
--

CREATE TABLE `contactform_plugin_one_admin` (
  `id` int(10) UNSIGNED NOT NULL,
  `name` varchar(255) DEFAULT NULL,
  `url` varchar(255) DEFAULT NULL,
  `email` varchar(255) DEFAULT NULL,
  `password` blob
) ENGINE=InnoDB DEFAULT CHARSET=utf8;

-- --------------------------------------------------------

--
-- Table structure for table `contactform_roles`
--

CREATE TABLE `contactform_roles` (
  `id` tinyint(3) UNSIGNED NOT NULL,
  `role` varchar(255) DEFAULT NULL,
  `status` enum('T','F') NOT NULL DEFAULT 'T'
) ENGINE=InnoDB DEFAULT CHARSET=utf8;

--
-- Dumping data for table `contactform_roles`
--

INSERT INTO `contactform_roles` (`id`, `role`, `status`) VALUES
(1, 'admin', 'T'),
(2, 'editor', 'T');

-- --------------------------------------------------------

--
-- Table structure for table `contactform_submissions`
--

CREATE TABLE `contactform_submissions` (
  `id` int(10) UNSIGNED NOT NULL,
  `form_id` int(10) DEFAULT NULL,
  `ip` varchar(50) DEFAULT NULL,
  `submitted_date` datetime DEFAULT NULL
) ENGINE=InnoDB DEFAULT CHARSET=utf8;

--
-- Dumping data for table `contactform_submissions`
--

INSERT INTO `contactform_submissions` (`id`, `form_id`, `ip`, `submitted_date`) VALUES
(1, 1, '173.63.177.52', '2019-03-19 18:12:56'),
(2, 1, '108.53.232.130', '2019-05-07 21:57:11'),
(3, 1, '173.63.177.52', '2019-09-20 10:37:28'),
(4, 1, '173.244.44.101', '2019-09-30 20:28:53'),
(5, 1, '24.186.47.42', '2019-10-23 14:05:47'),
(6, 1, '41.135.112.15', '2019-10-29 06:04:13'),
(7, 1, '74.102.109.80', '2019-11-03 09:58:38'),
(8, 1, '24.228.227.116', '2019-11-05 13:45:54'),
(9, 1, '74.105.39.144', '2020-03-09 12:06:12'),
(10, 1, '173.63.177.52', '2020-04-23 10:20:13'),
(11, 1, '47.20.203.222', '2020-05-05 11:37:57'),
(12, 1, '68.172.249.135', '2020-05-06 13:20:59'),
(13, 1, '100.1.187.3', '2020-05-11 10:14:06'),
(14, 1, '173.63.130.248', '2020-05-15 08:12:19'),
(15, 1, '68.196.86.7', '2020-05-29 12:19:16'),
(16, 1, '108.5.112.201', '2020-05-30 09:21:47'),
(17, 1, '74.90.32.93', '2020-05-31 13:17:54'),
(18, 1, '107.77.226.11', '2020-06-05 10:31:53'),
(19, 1, '108.53.150.213', '2020-06-09 11:10:27'),
(20, 1, '74.105.66.136', '2020-06-09 11:33:47'),
(21, 1, '173.63.225.245', '2020-06-10 11:28:37'),
(22, 1, '67.151.95.89', '2020-06-10 12:03:12'),
(23, 1, '74.102.81.17', '2020-06-12 10:56:37'),
(24, 1, '99.203.89.34', '2020-06-13 15:45:19'),
(25, 1, '72.79.18.120', '2020-06-14 18:58:09'),
(26, 1, '173.63.177.52', '2020-06-15 18:17:13');

-- --------------------------------------------------------

--
-- Table structure for table `contactform_submission_details`
--

CREATE TABLE `contactform_submission_details` (
  `form_id` int(10) NOT NULL,
  `submission_id` int(10) NOT NULL,
  `field_id` int(10) NOT NULL DEFAULT '0',
  `type` varchar(255) DEFAULT NULL,
  `value` text
) ENGINE=InnoDB DEFAULT CHARSET=utf8;

--
-- Dumping data for table `contactform_submission_details`
--

INSERT INTO `contactform_submission_details` (`form_id`, `submission_id`, `field_id`, `type`, `value`) VALUES
(1, 1, 1, 'heading', 'Free Estimate Form'),
(1, 1, 2, 'textbox', 'Elaine'),
(1, 1, 5, 'email', 'webtop@mac.com'),
(1, 1, 6, 'textbox', 'Testing the form'),
(1, 1, 7, 'textbox', 'test'),
(1, 1, 8, 'textarea', 'Testing the form and toe forwarding.... let me know you received this,'),
(1, 1, 9, 'button', NULL),
(1, 1, 10, 'radio', 'Not sure'),
(1, 2, 1, 'heading', 'Free Estimate Form'),
(1, 2, 2, 'textbox', 'Chera'),
(1, 2, 5, 'email', 'celia@powerphotocorp.com'),
(1, 2, 6, 'textbox', 'Hillside'),
(1, 2, 7, 'textbox', '9172251111'),
(1, 2, 8, 'textarea', 'Hello\nWe Have 2 Parking lots on either side of our facility with Truck loading access.\nWe currently have gravel on both sides and wanted to Black top both sides.\nConcerns are leveling pitch and drainage.\nOn one side we have an adjacent property roughly 4 ft higher than ours. The other parking lot has elevated train tracks, These tracks are not often in use.\n\nI have attached a survey of the property. I would Guestimate the coverage are to be 7500 + 8500 sq ft on each side respectively.\nWe are sending this request for quote to several local contractors in the area. We would like to start this project asap.\n\nAdditionally we would love to have a Basketball court drawn in for recreational purposes.\n\nPlease get back to me.\nYou may come see, evaluate, and measure the property.'),
(1, 2, 9, 'button', NULL),
(1, 2, 10, 'radio', 'As soon as possible'),
(1, 3, 1, 'heading', 'Free Estimate Form'),
(1, 3, 2, 'textbox', 'Elaine'),
(1, 3, 5, 'email', 'webtop@mac.com'),
(1, 3, 6, 'textbox', 'TEST'),
(1, 3, 7, 'textbox', 'TEST'),
(1, 3, 8, 'textarea', 'TEST'),
(1, 3, 9, 'button', NULL),
(1, 3, 10, 'radio', 'Not sure'),
(1, 4, 1, 'heading', 'Free Estimate Form'),
(1, 4, 2, 'textbox', 'Larry Pinket'),
(1, 4, 5, 'email', 'lpinket@protonmail.com'),
(1, 4, 6, 'textbox', 'NJ'),
(1, 4, 7, 'textbox', '2085032656'),
(1, 4, 8, 'textarea', 'Hi There,\n\nI am looking to pave my driveway, i will appreciate if you can contact and prepare an estimate for the project,\n\nLarry.\n(208) 503-2656'),
(1, 4, 9, 'button', NULL),
(1, 4, 10, 'radio', 'As soon as possible'),
(1, 5, 1, 'heading', 'Free Estimate Form'),
(1, 5, 2, 'textbox', 'James Edwards'),
(1, 5, 5, 'email', 'jimeedwards@gmail.com'),
(1, 5, 6, 'textbox', 'Hawthorne, NJ'),
(1, 5, 7, 'textbox', '2013128520'),
(1, 5, 8, 'textarea', 'I am interested in having my asphalt driveway resurfaced as soon as possible.'),
(1, 5, 9, 'button', NULL),
(1, 5, 10, 'radio', 'As soon as possible'),
(1, 6, 1, 'heading', 'Free Estimate Form'),
(1, 6, 2, 'textbox', 'Magriet Barnard'),
(1, 6, 5, 'email', 'magrietbarnard1805@gmail.com'),
(1, 6, 6, 'textbox', '5 Broad Oaks Close, Lasandra, Somerset West 7130'),
(1, 6, 7, 'textbox', '0722883447'),
(1, 6, 8, 'textarea', '10 x 4 meter paving damaged by rain during the weekend of 25 -28 October 2019\n'),
(1, 6, 9, 'button', NULL),
(1, 6, 10, 'radio', 'As soon as possible'),
(1, 7, 1, 'heading', 'Free Estimate Form'),
(1, 7, 2, 'textbox', 'Carlos Melendez'),
(1, 7, 5, 'email', 'emelende61@gmail.com'),
(1, 7, 6, 'textbox', 'NJ'),
(1, 7, 7, 'textbox', '201-250-4473'),
(1, 7, 8, 'textarea', 'construction of new driveway and redo and existing driveway.'),
(1, 7, 9, 'button', NULL),
(1, 7, 10, 'radio', 'As soon as possible'),
(1, 8, 1, 'heading', 'Free Estimate Form'),
(1, 8, 2, 'textbox', 'Theresa Finer'),
(1, 8, 5, 'email', 'theresa@robertcallahan.com'),
(1, 8, 6, 'textbox', 'Kenvil'),
(1, 8, 7, 'textbox', '9088875232'),
(1, 8, 8, 'textarea', 'Need driveway cracks sealed before winter, possibly fix end of driveway at road.'),
(1, 8, 9, 'button', NULL),
(1, 8, 10, 'radio', 'As soon as possible'),
(1, 9, 1, 'heading', 'Free Estimate Form'),
(1, 9, 2, 'textbox', 'Bruce Spina'),
(1, 9, 5, 'email', 'bruce_spina@aol.com'),
(1, 9, 6, 'textbox', 'Montvale'),
(1, 9, 7, 'textbox', '201-961-2809'),
(1, 9, 8, 'textarea', 'Remove and replace current asphalt driveway with new.  Also, replace current Belgium blocks running along the sides of current driveway. '),
(1, 9, 9, 'button', NULL),
(1, 9, 10, 'radio', 'Within 1-3 Months'),
(1, 10, 1, 'heading', 'Free Estimate Form'),
(1, 10, 2, 'textbox', 'Elaine - TEST'),
(1, 10, 5, 'email', 'webtop@mac.com'),
(1, 10, 6, 'textbox', 'TESTING THE FREE ESTIMATE FORM'),
(1, 10, 7, 'textbox', 'test'),
(1, 10, 8, 'textarea', 'TESTING THE FORM - Let me know you received this please'),
(1, 10, 9, 'button', NULL),
(1, 10, 10, 'radio', 'As soon as possible'),
(1, 11, 1, 'heading', 'Free Estimate Form'),
(1, 11, 2, 'textbox', 'Jessie Wickliffe'),
(1, 11, 5, 'email', 'jessie.wickliffe@gmail.com'),
(1, 11, 6, 'textbox', 'Clifton'),
(1, 11, 7, 'textbox', '9739309831'),
(1, 11, 8, 'textarea', 'Looking to redo our semi-circle driveway'),
(1, 11, 9, 'button', NULL),
(1, 11, 10, 'radio', 'As soon as possible'),
(1, 12, 1, 'heading', 'Free Estimate Form'),
(1, 12, 2, 'textbox', 'Omar Gonzalez'),
(1, 12, 5, 'email', 'ogono83@aol.com'),
(1, 12, 6, 'textbox', 'Ridgefield Park NJ'),
(1, 12, 7, 'textbox', '5515742746'),
(1, 12, 8, 'textarea', 'Looking for quote to replace and widen the driveway. '),
(1, 12, 9, 'button', NULL),
(1, 12, 10, 'radio', 'Within 1-3 Months'),
(1, 13, 1, 'heading', 'Free Estimate Form'),
(1, 13, 2, 'textbox', 'Annemarie Foley'),
(1, 13, 5, 'email', 'annie0143@verizon.net'),
(1, 13, 6, 'textbox', 'Linden'),
(1, 13, 7, 'textbox', '9084479644'),
(1, 13, 8, 'textarea', 'need old driveway dug up and replaced'),
(1, 13, 9, 'button', NULL),
(1, 13, 10, 'radio', 'As soon as possible'),
(1, 14, 1, 'heading', 'Free Estimate Form'),
(1, 14, 2, 'textbox', 'David Marconi'),
(1, 14, 5, 'email', 'dbfmc@yahoo.com'),
(1, 14, 6, 'textbox', 'West Orange'),
(1, 14, 7, 'textbox', '9739979831'),
(1, 14, 8, 'textarea', 'Driveway, drainage and retainer wall. Can you help if any or all in West Orange?'),
(1, 14, 9, 'button', NULL),
(1, 14, 10, 'radio', 'As soon as possible'),
(1, 15, 1, 'heading', 'Free Estimate Form'),
(1, 15, 2, 'textbox', 'Karen Savitt'),
(1, 15, 5, 'email', 'kayc54@aol.com'),
(1, 15, 6, 'textbox', 'Tenafly NJ'),
(1, 15, 7, 'textbox', '2016476180'),
(1, 15, 8, 'textarea', 'approx 350 sq feet asphalt ; add concrete apron and sidewalk per the town guidelines'),
(1, 15, 9, 'button', NULL),
(1, 15, 10, 'radio', 'Within 1-3 Months'),
(1, 16, 1, 'heading', 'Free Estimate Form'),
(1, 16, 2, 'textbox', 'Neil Friedman'),
(1, 16, 5, 'email', 'nfriedman1423@gmail.com'),
(1, 16, 6, 'textbox', 'Ridgewood'),
(1, 16, 7, 'textbox', '2012806272'),
(1, 16, 8, 'textarea', 'paving a driveway and putting down pavers on the side of a walkway'),
(1, 16, 9, 'button', NULL),
(1, 16, 10, 'radio', 'As soon as possible'),
(1, 17, 1, 'heading', 'Free Estimate Form'),
(1, 17, 2, 'textbox', 'Slawomir Ligas'),
(1, 17, 5, 'email', 'slawomir_ligas@hotmail.com'),
(1, 17, 6, 'textbox', 'Pompton Plains '),
(1, 17, 7, 'textbox', '201-757-4296'),
(1, 17, 8, 'textarea', 'We have old asphalt driveway  18x 47. Need  to redo with Belgiem blocks on two long sides . Please give me a quote '),
(1, 17, 9, 'button', NULL),
(1, 17, 10, 'radio', 'Within 1-3 Months'),
(1, 18, 1, 'heading', 'Free Estimate Form'),
(1, 18, 2, 'textbox', 'Nikolai Taylor'),
(1, 18, 5, 'email', 'huntis123@gmail.com'),
(1, 18, 6, 'textbox', 'Leonia NJ'),
(1, 18, 7, 'textbox', '917-975-7598'),
(1, 18, 8, 'textarea', 'Need to repave a 960 square foot long 8 foot wide driveway. '),
(1, 18, 9, 'button', NULL),
(1, 18, 10, 'radio', 'As soon as possible'),
(1, 19, 1, 'heading', 'Free Estimate Form'),
(1, 19, 2, 'textbox', 'wanda bukowczyk'),
(1, 19, 5, 'email', 'wbukowczyk@gmail.com'),
(1, 19, 6, 'textbox', 'little falls, nj'),
(1, 19, 7, 'textbox', '973-256-7020'),
(1, 19, 8, 'textarea', 'i need driveway paved'),
(1, 19, 9, 'button', NULL),
(1, 19, 10, 'radio', 'Not sure'),
(1, 20, 1, 'heading', 'Free Estimate Form'),
(1, 20, 2, 'textbox', 'Drew Paquette'),
(1, 20, 5, 'email', 'afpaquette@yahoo.com'),
(1, 20, 6, 'textbox', 'MONTCLAIR'),
(1, 20, 7, 'textbox', '3479308579'),
(1, 20, 8, 'textarea', 'Driveway is crumbling at the front and lots of cracks throughout. Also seems very porous near the base of the house and could be graded away from the house better. '),
(1, 20, 9, 'button', NULL),
(1, 20, 10, 'radio', 'Within 1-3 Months'),
(1, 21, 1, 'heading', 'Free Estimate Form'),
(1, 21, 2, 'textbox', 'Erika Liriano'),
(1, 21, 5, 'email', 'reinomagicochildcare@gmail.com'),
(1, 21, 6, 'textbox', 'Union City'),
(1, 21, 7, 'textbox', '2014249313'),
(1, 21, 8, 'textarea', 'I would like to repave my driveway.\nIt is unleveled.\n'),
(1, 21, 9, 'button', NULL),
(1, 21, 10, 'radio', 'As soon as possible'),
(1, 22, 1, 'heading', 'Free Estimate Form'),
(1, 22, 2, 'textbox', 'maykel alvarez'),
(1, 22, 5, 'email', 'maykelalvarez13@yahoo.com'),
(1, 22, 6, 'textbox', 'kearny NJ'),
(1, 22, 7, 'textbox', '5512147157'),
(1, 22, 8, 'textarea', 'repair a drive way , completely remove old asphalt and install new asphalt aprox 450 sqft'),
(1, 22, 9, 'button', NULL),
(1, 22, 10, 'radio', 'As soon as possible'),
(1, 23, 1, 'heading', 'Free Estimate Form'),
(1, 23, 2, 'textbox', 'Janelle Jackson'),
(1, 23, 5, 'email', 'janellejackson113@gmail.com'),
(1, 23, 6, 'textbox', 'Irvington NJ'),
(1, 23, 7, 'textbox', '9739793853'),
(1, 23, 8, 'textarea', 'Repair / replace backyard walkway. '),
(1, 23, 9, 'button', NULL),
(1, 23, 10, 'radio', 'As soon as possible'),
(1, 24, 1, 'heading', 'Free Estimate Form'),
(1, 24, 2, 'textbox', 'Katherine Jaquez'),
(1, 24, 5, 'email', 'kjaquez@live.com'),
(1, 24, 6, 'textbox', 'Wanaque,nj '),
(1, 24, 7, 'textbox', '8625910582'),
(1, 24, 8, 'textarea', 'Redoing driveway '),
(1, 24, 9, 'button', NULL),
(1, 24, 10, 'radio', 'Within 1-3 Months'),
(1, 25, 1, 'heading', 'Free Estimate Form'),
(1, 25, 2, 'textbox', 'Luis Maldonado'),
(1, 25, 5, 'email', 'luis_maldonado@msn.com'),
(1, 25, 6, 'textbox', '35 hay ave Nutley New Jersey 07110'),
(1, 25, 7, 'textbox', '2014270425'),
(1, 25, 8, 'textarea', 'Need my driveway repaved '),
(1, 25, 9, 'button', NULL),
(1, 25, 10, 'radio', 'As soon as possible'),
(1, 26, 1, 'heading', 'Free Estimate Form'),
(1, 26, 2, 'textbox', 'Elaine - TEST'),
(1, 26, 5, 'email', 'webtop@mac.com'),
(1, 26, 6, 'textbox', 'Elaine - TESTING THE FORM'),
(1, 26, 7, 'textbox', '123'),
(1, 26, 8, 'textarea', '123'),
(1, 26, 9, 'button', NULL),
(1, 26, 10, 'radio', 'As soon as possible');

-- --------------------------------------------------------

--
-- Table structure for table `contactform_users`
--

CREATE TABLE `contactform_users` (
  `id` int(10) UNSIGNED NOT NULL,
  `role_id` int(10) UNSIGNED NOT NULL,
  `email` varchar(255) DEFAULT NULL,
  `password` blob,
  `name` varchar(255) DEFAULT NULL,
  `phone` varchar(255) DEFAULT NULL,
  `created` datetime NOT NULL,
  `last_login` datetime DEFAULT NULL,
  `status` enum('T','F') NOT NULL DEFAULT 'T',
  `is_active` enum('T','F') NOT NULL DEFAULT 'F',
  `ip` varchar(15) DEFAULT NULL
) ENGINE=InnoDB DEFAULT CHARSET=utf8;

--
-- Dumping data for table `contactform_users`
--

INSERT INTO `contactform_users` (`id`, `role_id`, `email`, `password`, `name`, `phone`, `created`, `last_login`, `status`, `is_active`, `ip`) VALUES
(1, 1, 'info@reliablenj.com', 0x1e2c0a6b3717841830b791f7b284402e, 'Administrator', NULL, '2017-10-26 19:47:09', '2020-04-23 14:16:14', 'T', 'F', '173.63.80.227'),
(3, 1, 'info@reliablecnj.com', 0x6b9699261c536df6a47408428737f14e, 'Reliable', NULL, '2019-03-19 18:02:00', '2019-03-19 18:02:00', 'T', 'T', '173.63.177.52');

-- --------------------------------------------------------

--
-- Table structure for table `contactform_users_forms`
--

CREATE TABLE `contactform_users_forms` (
  `user_id` int(10) NOT NULL DEFAULT '0',
  `form_id` int(10) NOT NULL DEFAULT '0'
) ENGINE=InnoDB DEFAULT CHARSET=utf8;

--
-- Dumping data for table `contactform_users_forms`
--

INSERT INTO `contactform_users_forms` (`user_id`, `form_id`) VALUES
(1, 1),
(3, 1);

--
-- Indexes for dumped tables
--

--
-- Indexes for table `contactform_fields`
--
ALTER TABLE `contactform_fields`
  ADD PRIMARY KEY (`id`),
  ADD UNIQUE KEY `key` (`key`);

--
-- Indexes for table `contactform_files`
--
ALTER TABLE `contactform_files`
  ADD PRIMARY KEY (`id`),
  ADD KEY `form_id` (`form_id`),
  ADD KEY `submission_id` (`submission_id`),
  ADD KEY `field_id` (`field_id`);

--
-- Indexes for table `contactform_formfields`
--
ALTER TABLE `contactform_formfields`
  ADD PRIMARY KEY (`id`),
  ADD KEY `form_id` (`form_id`);

--
-- Indexes for table `contactform_forms`
--
ALTER TABLE `contactform_forms`
  ADD PRIMARY KEY (`id`);

--
-- Indexes for table `contactform_multi_lang`
--
ALTER TABLE `contactform_multi_lang`
  ADD PRIMARY KEY (`id`),
  ADD UNIQUE KEY `foreign_id` (`foreign_id`,`model`,`locale`,`field`);

--
-- Indexes for table `contactform_options`
--
ALTER TABLE `contactform_options`
  ADD PRIMARY KEY (`foreign_id`,`key`);

--
-- Indexes for table `contactform_plugin_locale`
--
ALTER TABLE `contactform_plugin_locale`
  ADD PRIMARY KEY (`id`),
  ADD UNIQUE KEY `language_iso` (`language_iso`);

--
-- Indexes for table `contactform_plugin_locale_languages`
--
ALTER TABLE `contactform_plugin_locale_languages`
  ADD PRIMARY KEY (`iso`);

--
-- Indexes for table `contactform_plugin_log`
--
ALTER TABLE `contactform_plugin_log`
  ADD PRIMARY KEY (`id`);

--
-- Indexes for table `contactform_plugin_log_config`
--
ALTER TABLE `contactform_plugin_log_config`
  ADD PRIMARY KEY (`id`);

--
-- Indexes for table `contactform_plugin_one_admin`
--
ALTER TABLE `contactform_plugin_one_admin`
  ADD PRIMARY KEY (`id`);

--
-- Indexes for table `contactform_roles`
--
ALTER TABLE `contactform_roles`
  ADD PRIMARY KEY (`id`),
  ADD KEY `status` (`status`);

--
-- Indexes for table `contactform_submissions`
--
ALTER TABLE `contactform_submissions`
  ADD PRIMARY KEY (`id`),
  ADD KEY `form_id` (`form_id`);

--
-- Indexes for table `contactform_submission_details`
--
ALTER TABLE `contactform_submission_details`
  ADD PRIMARY KEY (`submission_id`,`field_id`),
  ADD KEY `form_id` (`form_id`),
  ADD KEY `submission_id` (`submission_id`),
  ADD KEY `field_id` (`field_id`);

--
-- Indexes for table `contactform_users`
--
ALTER TABLE `contactform_users`
  ADD PRIMARY KEY (`id`),
  ADD UNIQUE KEY `email` (`email`),
  ADD KEY `role_id` (`role_id`),
  ADD KEY `status` (`status`);

--
-- Indexes for table `contactform_users_forms`
--
ALTER TABLE `contactform_users_forms`
  ADD PRIMARY KEY (`user_id`,`form_id`),
  ADD KEY `user_id` (`user_id`),
  ADD KEY `form_id` (`form_id`);

--
-- AUTO_INCREMENT for dumped tables
--

--
-- AUTO_INCREMENT for table `contactform_fields`
--
ALTER TABLE `contactform_fields`
  MODIFY `id` int(10) UNSIGNED NOT NULL AUTO_INCREMENT, AUTO_INCREMENT=708;

--
-- AUTO_INCREMENT for table `contactform_files`
--
ALTER TABLE `contactform_files`
  MODIFY `id` int(10) UNSIGNED NOT NULL AUTO_INCREMENT;

--
-- AUTO_INCREMENT for table `contactform_formfields`
--
ALTER TABLE `contactform_formfields`
  MODIFY `id` int(11) UNSIGNED NOT NULL AUTO_INCREMENT, AUTO_INCREMENT=11;

--
-- AUTO_INCREMENT for table `contactform_forms`
--
ALTER TABLE `contactform_forms`
  MODIFY `id` int(10) UNSIGNED NOT NULL AUTO_INCREMENT, AUTO_INCREMENT=2;

--
-- AUTO_INCREMENT for table `contactform_multi_lang`
--
ALTER TABLE `contactform_multi_lang`
  MODIFY `id` int(10) UNSIGNED NOT NULL AUTO_INCREMENT, AUTO_INCREMENT=762;

--
-- AUTO_INCREMENT for table `contactform_plugin_locale`
--
ALTER TABLE `contactform_plugin_locale`
  MODIFY `id` int(10) UNSIGNED NOT NULL AUTO_INCREMENT, AUTO_INCREMENT=4;

--
-- AUTO_INCREMENT for table `contactform_plugin_log`
--
ALTER TABLE `contactform_plugin_log`
  MODIFY `id` int(10) UNSIGNED NOT NULL AUTO_INCREMENT;

--
-- AUTO_INCREMENT for table `contactform_plugin_log_config`
--
ALTER TABLE `contactform_plugin_log_config`
  MODIFY `id` int(10) UNSIGNED NOT NULL AUTO_INCREMENT;

--
-- AUTO_INCREMENT for table `contactform_plugin_one_admin`
--
ALTER TABLE `contactform_plugin_one_admin`
  MODIFY `id` int(10) UNSIGNED NOT NULL AUTO_INCREMENT;

--
-- AUTO_INCREMENT for table `contactform_roles`
--
ALTER TABLE `contactform_roles`
  MODIFY `id` tinyint(3) UNSIGNED NOT NULL AUTO_INCREMENT, AUTO_INCREMENT=3;

--
-- AUTO_INCREMENT for table `contactform_submissions`
--
ALTER TABLE `contactform_submissions`
  MODIFY `id` int(10) UNSIGNED NOT NULL AUTO_INCREMENT, AUTO_INCREMENT=27;

--
-- AUTO_INCREMENT for table `contactform_users`
--
ALTER TABLE `contactform_users`
  MODIFY `id` int(10) UNSIGNED NOT NULL AUTO_INCREMENT, AUTO_INCREMENT=4;
COMMIT;

/*!40101 SET CHARACTER_SET_CLIENT=@OLD_CHARACTER_SET_CLIENT */;
/*!40101 SET CHARACTER_SET_RESULTS=@OLD_CHARACTER_SET_RESULTS */;
/*!40101 SET COLLATION_CONNECTION=@OLD_COLLATION_CONNECTION */;
